0,-0.14,-9.43,0.35,-0.40,-9.81,-0.04,-0.16,-9.71,0.22,-0.41,-9.61,0.52,-0.16,-9.69,-0.11,-0.24,-9.58,1.20
0,-0.11,-9.41,0.35,-0.42,-9.86,-0.08,-0.11,-9.75,0.21,-0.46,-9.62,0.52,-0.08,-9.72,-0.01,-0.31,-9.67,1.22
0,-0.11,-9.32,0.35,-0.42,-9.79,-0.08,-0.11,-9.70,0.29,-0.44,-9.59,0.60,-0.10,-9.69,-0.05,-0.25,-9.69,1.15
0,-0.15,-9.29,0.32,-0.41,-9.71,-0.05,-0.14,-9.56,0.23,-0.41,-9.48,0.59,-0.12,-9.59,-0.04,-0.24,-9.51,1.24
0,-0.14,-9.47,0.28,-0.37,-9.82,-0.07,-0.16,-9.73,0.25,-0.42,-9.62,0.51,-0.16,-9.69,-0.08,-0.22,-9.54,1.24
0,-0.19,-9.37,0.32,-0.38,-9.79,0.00,-0.22,-9.70,0.18,-0.38,-9.58,0.56,-0.18,-9.63,-0.12,-0.18,-9.56,1.26
0,-0.22,-9.32,0.32,-0.33,-9.75,0.00,-0.21,-9.64,0.22,-0.33,-9.55,0.55,-0.20,-9.71,-0.06,-0.17,-9.58,1.21
0,-0.21,-9.37,0.38,-0.38,-9.77,-0.03,-0.21,-9.64,0.19,-0.34,-9.62,0.53,-0.21,-9.68,0.00,-0.21,-9.59,1.19
0,-0.18,-9.39,0.31,-0.42,-9.78,-0.09,-0.11,-9.72,0.25,-0.41,-9.59,0.57,-0.13,-9.67,-0.00,-0.25,-9.60,1.19
0,-0.12,-9.42,0.35,-0.44,-9.78,-0.18,-0.13,-9.72,0.24,-0.45,-9.58,0.50,-0.16,-9.68,-0.01,-0.24,-9.60,1.22
0,-0.15,-9.42,0.37,-0.43,-9.79,-0.05,-0.12,-9.70,0.25,-0.45,-9.62,0.57,-0.06,-9.65,-0.07,-0.24,-9.57,1.17
0,-0.16,-9.47,0.28,-0.43,-9.82,-0.02,-0.12,-9.77,0.24,-0.47,-9.62,0.51,-0.11,-9.71,-0.06,-0.24,-9.60,1.20
0,-0.17,-9.36,0.33,-0.44,-9.76,-0.06,-0.18,-9.65,0.22,-0.40,-9.63,0.56,-0.11,-9.64,-0.04,-0.23,-9.64,1.20
0,-0.18,-9.40,0.30,-0.40,-9.81,-0.07,-0.13,-9.70,0.22,-0.44,-9.58,0.59,-0.15,-9.67,-0.11,-0.24,-9.57,1.23
0,-0.14,-9.41,0.31,-0.44,-9.79,-0.03,-0.15,-9.69,0.21,-0.44,-9.62,0.55,-0.16,-9.68,-0.08,-0.25,-9.60,1.19
0,-0.17,-9.37,0.27,-0.41,-9.79,-0.03,-0.12,-9.74,0.21,-0.45,-9.61,0.54,-0.13,-9.64,-0.01,-0.26,-9.60,1.19
0,-0.20,-9.37,0.33,-0.39,-9.77,-0.04,-0.14,-9.73,0.19,-0.40,-9.56,0.51,-0.18,-9.66,-0.09,-0.23,-9.60,1.19
0,-0.18,-9.37,0.33,-0.36,-9.76,-0.08,-0.14,-9.67,0.24,-0.43,-9.61,0.50,-0.19,-9.69,0.00,-0.21,-9.60,1.18
0,-0.16,-9.39,0.30,-0.41,-9.76,-0.03,-0.17,-9.67,0.23,-0.37,-9.58,0.53,-0.20,-9.66,-0.07,-0.21,-9.58,1.20
0,-0.18,-9.39,0.32,-0.36,-9.76,-0.05,-0.19,-9.72,0.21,-0.39,-9.58,0.57,-0.17,-9.66,-0.09,-0.24,-9.60,1.24
0,-0.15,-9.38,0.29,-0.38,-9.79,-0.05,-0.19,-9.69,0.23,-0.39,-9.62,0.56,-0.19,-9.63,-0.08,-0.24,-9.57,1.24
0,-0.16,-9.39,0.31,-0.39,-9.78,-0.06,-0.16,-9.69,0.21,-0.43,-9.63,0.55,-0.17,-9.65,-0.10,-0.23,-9.59,1.19
0,-0.14,-9.41,0.29,-0.39,-9.82,-0.08,-0.13,-9.67,0.20,-0.39,-9.60,0.57,-0.19,-9.69,-0.06,-0.22,-9.56,1.18
0,-0.13,-9.39,0.31,-0.41,-9.76,-0.01,-0.12,-9.70,0.25,-0.38,-9.60,0.55,-0.16,-9.67,-0.02,-0.25,-9.58,1.19
0,-0.16,-9.41,0.36,-0.41,-9.79,-0.07,-0.16,-9.67,0.20,-0.42,-9.62,0.51,-0.12,-9.69,-0.02,-0.25,-9.61,1.19
0,-0.14,-9.41,0.37,-0.47,-9.78,-0.05,-0.12,-9.65,0.27,-0.46,-9.60,0.53,-0.12,-9.65,-0.06,-0.24,-9.62,1.19
0,-0.11,-9.43,0.31,-0.40,-9.81,-0.08,-0.11,-9.65,0.21,-0.41,-9.60,0.53,-0.11,-9.67,-0.04,-0.26,-9.59,1.17
0,-0.15,-9.40,0.30,-0.41,-9.75,-0.08,-0.18,-9.64,0.27,-0.43,-9.60,0.51,-0.11,-9.65,-0.04,-0.24,-9.57,1.17
0,-0.15,-9.39,0.26,-0.43,-9.75,-0.04,-0.15,-9.69,0.19,-0.43,-9.61,0.55,-0.14,-9.64,-0.04,-0.21,-9.58,1.22
0,-0.21,-9.21,0.11,-0.32,-9.44,-0.48,-0.14,-9.91,0.26,-0.27,-9.07,0.17,-0.30,-9.64,0.12,-0.22,-9.72,0.83
0,-0.25,-9.66,0.41,-0.34,-10.15,-0.63,-0.19,-9.69,0.15,-0.45,-9.80,0.54,-0.08,-9.62,-0.02,-0.17,-9.75,1.32
0,-0.13,-9.50,0.30,-0.45,-9.69,0.16,-0.12,-9.74,0.21,-0.42,-9.67,0.33,-0.18,-9.61,-0.03,-0.24,-9.36,1.37
0,-0.20,-9.41,0.29,-0.37,-9.79,0.00,-0.15,-9.77,0.25,-0.43,-9.66,0.56,-0.17,-9.73,-0.08,-0.23,-9.79,1.00
0,-0.13,-9.32,0.40,-0.44,-9.63,-0.08,-0.17,-9.55,0.23,-0.45,-9.58,0.59,-0.09,-9.65,-0.13,-0.22,-9.53,1.32
0,-0.16,-9.48,0.30,-0.42,-9.86,0.04,-0.10,-9.78,0.21,-0.43,-9.56,0.54,-0.15,-9.65,-0.12,-0.24,-9.62,1.22
0,-0.15,-9.43,0.34,-0.42,-9.79,-0.06,-0.13,-9.71,0.22,-0.45,-9.67,0.54,-0.14,-9.69,0.03,-0.25,-9.58,1.26
0,-0.12,-9.36,0.33,-0.42,-9.76,-0.04,-0.14,-9.69,0.21,-0.46,-9.57,0.57,-0.17,-9.63,0.03,-0.23,-9.64,1.16
0,-0.16,-9.42,0.35,-0.39,-9.78,-0.00,-0.18,-9.71,0.24,-0.44,-9.60,0.57,-0.13,-9.71,0.04,-0.25,-9.58,1.21
0,-0.16,-9.37,0.36,-0.40,-9.80,-0.11,-0.14,-9.65,0.22,-0.39,-9.62,0.50,-0.18,-9.67,-0.11,-0.23,-9.58,1.18
0,-0.16,-9.41,0.33,-0.39,-9.83,-0.06,-0.13,-9.75,0.18,-0.41,-9.58,0.58,-0.10,-9.72,-0.13,-0.22,-9.65,1.18
0,-0.14,-9.37,0.31,-0.39,-9.73,-0.06,-0.15,-9.60,0.28,-0.40,-9.62,0.55,-0.13,-9.64,-0.07,-0.25,-9.57,1.24
0,-0.17,-9.41,0.33,-0.42,-9.81,-0.03,-0.13,-9.73,0.18,-0.42,-9.56,0.57,-0.20,-9.67,-0.07,-0.24,-9.55,1.24
0,-0.14,-9.37,0.33,-0.42,-9.83,-0.09,-0.14,-9.65,0.22,-0.39,-9.64,0.50,-0.12,-9.67,0.00,-0.26,-9.67,1.17
0,-0.18,-9.35,0.31,-0.41,-9.81,-0.09,-0.15,-9.69,0.25,-0.38,-9.56,0.49,-0.17,-9.65,-0.01,-0.25,-9.58,1.24
0,-0.17,-9.42,0.32,-0.40,-9.79,-0.06,-0.16,-9.71,0.17,-0.42,-9.58,0.56,-0.18,-9.69,-0.10,-0.23,-9.59,1.18
0,-0.16,-9.35,0.35,-0.42,-9.77,-0.06,-0.16,-9.66,0.18,-0.42,-9.62,0.53,-0.15,-9.69,-0.09,-0.25,-9.57,1.21
0,-0.16,-9.41,0.33,-0.40,-9.83,-0.07,-0.15,-9.74,0.21,-0.44,-9.62,0.49,-0.14,-9.66,-0.10,-0.25,-9.61,1.25
0,-0.18,-9.39,0.29,-0.41,-9.76,-0.07,-0.14,-9.66,0.23,-0.45,-9.60,0.53,-0.13,-9.61,-0.08,-0.24,-9.62,1.22
0,-0.17,-9.39,0.30,-0.48,-9.78,-0.06,-0.15,-9.64,0.28,-0.40,-9.66,0.61,-0.08,-9.53,0.09,-0.34,-9.50,1.57
0,-0.23,-9.39,0.37,-0.31,-9.71,-0.21,-0.14,-9.61,0.27,-0.41,-9.71,0.44,-0.20,-9.43,0.23,-0.14,-9.54,1.24
0,-0.17,-9.51,0.32,-0.43,-9.82,-0.08,-0.20,-9.77,0.22,-0.43,-9.52,0.68,-0.18,-9.84,-0.28,-0.22,-9.58,1.19
0,-0.16,-9.38,0.32,-0.41,-9.81,-0.05,-0.12,-9.64,0.23,-0.42,-9.61,0.58,-0.17,-9.84,-0.17,-0.23,-9.66,1.22
0,-0.17,-9.36,0.34,-0.40,-9.70,0.04,-0.16,-9.64,0.24,-0.36,-9.57,0.53,-0.17,-9.72,-0.10,-0.22,-9.52,1.26
0,-0.19,-9.47,0.30,-0.40,-9.81,-0.02,-0.17,-9.75,0.21,-0.36,-9.55,0.57,-0.13,-9.59,0.01,-0.25,-9.56,1.21
0,-0.16,-9.30,0.36,-0.41,-9.73,-0.08,-0.18,-9.66,0.25,-0.40,-9.66,0.53,-0.16,-9.66,-0.03,-0.26,-9.62,1.21
0,-0.15,-9.40,0.32,-0.39,-9.76,-0.06,-0.16,-9.63,0.28,-0.43,-9.55,0.59,-0.18,-9.62,-0.06,-0.22,-9.58,1.24
0,-0.17,-9.43,0.34,-0.42,-9.80,-0.11,-0.19,-9.70,0.24,-0.45,-9.62,0.53,-0.13,-9.70,-0.09,-0.25,-9.58,1.17
0,-0.15,-9.40,0.32,-0.44,-9.79,-0.12,-0.12,-9.73,0.19,-0.41,-9.62,0.54,-0.12,-9.69,-0.05,-0.23,-9.60,1.21
0,-0.18,-9.43,0.30,-0.43,-9.76,-0.11,-0.12,-9.64,0.06,-0.33,-9.47,0.35,-0.11,-9.49,-0.04,-0.20,-9.77,1.08
0,-0.18,-9.05,0.53,-0.24,-9.69,0.38,-0.25,-9.73,0.23,-0.62,-9.88,0.87,-0.01,-9.86,-0.25,-0.35,-9.78,1.38
0,-0.01,-9.29,0.38,-0.57,-9.71,-0.27,-0.08,-9.30,0.40,-0.33,-8.81,1.23,-0.15,-9.30,-0.22,-0.26,-9.01,1.48
0,-0.19,-10.01,0.10,-0.37,-9.99,0.34,-0.14,-10.12,0.03,-0.41,-9.46,0.64,-0.18,-9.61,-0.25,-0.15,-9.53,1.15
0,-0.07,-9.24,0.47,-0.46,-9.87,0.05,-0.26,-9.79,0.19,-0.40,-9.94,0.34,-0.17,-10.18,-0.31,-0.42,-9.79,1.14
0,-0.22,-8.88,0.54,-0.38,-9.47,-0.27,-0.11,-9.18,0.40,-0.40,-9.25,0.54,-0.19,-9.29,0.21,-0.21,-9.59,1.20
0,-0.15,-9.91,0.20,-0.51,-10.07,-0.18,-0.11,-9.71,0.21,-0.46,-9.72,0.44,-0.22,-9.43,0.20,-0.18,-9.35,1.42
0,-0.20,-9.20,0.39,-0.37,-9.53,0.17,-0.27,-9.53,0.19,-0.36,-9.50,0.66,-0.14,-9.88,0.15,-0.28,-9.30,0.99
0,-0.23,-9.49,0.31,-0.42,-9.81,-0.14,-0.14,-9.92,0.17,-0.44,-9.66,0.67,-0.12,-9.92,-0.27,-0.23,-9.68,1.15
0,-0.20,-9.28,0.40,-0.40,-9.57,0.03,-0.22,-9.55,0.34,-0.40,-9.51,0.66,-0.11,-9.75,-0.19,-0.30,-9.63,1.14
0,-0.20,-9.38,0.25,-0.55,-9.87,-0.29,0.00,-9.63,0.24,-0.58,-9.55,0.46,0.01,-9.70,-0.25,-0.12,-9.52,1.32
0,-0.13,-9.54,0.21,-0.44,-9.85,-0.02,-0.17,-9.70,0.26,-0.41,-9.68,0.37,-0.18,-9.62,0.12,-0.24,-9.62,1.23
0,-0.21,-9.28,0.32,-0.24,-9.76,-0.11,-0.21,-9.45,0.27,-0.35,-9.78,0.08,-0.12,-9.59,-0.06,-0.36,-9.45,1.15
0,-0.11,-9.56,0.23,-0.34,-9.71,0.09,-0.16,-9.92,0.30,-0.48,-9.85,0.28,-0.19,-9.68,0.01,-0.42,-9.75,1.27
0,-0.14,-9.51,0.43,-0.39,-9.87,-0.03,-0.16,-9.67,0.27,-0.15,-9.74,0.40,-0.15,-9.63,0.02,-0.56,-8.93,1.43
0,-0.36,-9.89,0.42,0.00,-10.34,-0.21,-0.11,-10.70,0.07,-0.64,-9.32,0.55,-0.13,-8.96,0.89,0.68,-11.81,0.67
0,-0.18,-10.13,0.27,-0.48,-9.70,0.12,-0.26,-10.33,0.21,-0.42,-9.79,1.18,-0.25,-9.50,-0.02,-0.16,-10.09,0.78
0,0.25,-8.09,0.92,-0.45,-9.73,-0.89,0.07,-8.64,0.38,0.28,-8.82,0.85,-0.35,-9.57,0.17,0.04,-10.98,0.95
0,-0.08,-9.24,0.48,-0.44,-9.40,0.34,-0.15,-9.48,0.35,-0.23,-9.86,0.51,-0.47,-10.27,0.19,-0.26,-9.35,1.75
0,-0.07,-8.76,0.57,-0.36,-9.31,-0.46,-0.15,-8.74,0.64,0.06,-10.25,0.36,-0.14,-10.11,0.06,-0.48,-9.81,0.93
0,-0.38,-9.46,0.87,-0.04,-10.45,0.02,-0.25,-10.93,-0.41,-0.38,-8.79,0.22,-0.20,-8.13,-0.80,-0.20,-7.82,1.24
0,-0.22,-9.62,0.42,-0.36,-10.44,-0.89,-0.08,-9.48,0.32,-0.02,-10.89,0.05,-0.58,-10.64,0.33,0.28,-10.58,1.36
0,0.67,-8.52,-1.66,-0.82,-9.16,1.48,0.70,-8.97,0.49,1.01,-8.97,1.74,-1.02,-9.67,-1.43,0.56,-10.38,3.31
0,-1.38,-10.46,1.58,0.73,-10.53,-1.02,-0.96,-11.87,0.11,-1.84,-9.80,-0.82,1.40,-9.30,1.05,-1.87,-9.19,0.45
0,0.33,-8.82,1.23,-0.80,-8.68,-0.50,0.53,-8.98,1.56,0.85,-9.29,-0.07,-1.10,-9.64,-0.05,0.62,-9.88,0.45
0,-0.32,-9.73,-0.20,-0.06,-10.11,0.12,-0.75,-10.06,-0.37,-0.48,-10.39,1.29,-0.14,-10.08,-0.27,-0.18,-10.89,1.28
0,-0.65,-8.78,0.94,-0.13,-9.40,-0.17,-0.33,-9.26,-0.11,-1.10,-9.18,1.42,0.63,-8.99,-0.05,-1.21,-8.17,2.23
0,-0.51,-9.43,0.34,-0.15,-9.99,0.29,-1.69,-10.03,-0.19,-0.31,-10.05,0.92,-1.62,-9.82,0.91,1.47,-10.28,-1.05
0,-0.32,-8.30,0.42,-0.50,-8.99,-0.94,1.16,-8.13,1.58,0.59,-10.54,-0.32,-0.01,-10.17,-0.05,-0.10,-9.64,3.62
0,1.14,-10.76,-0.17,-1.16,-10.19,0.65,0.27,-10.11,0.00,-1.50,-8.08,1.02,0.50,-8.57,-0.03,-1.09,-7.52,1.11
0,-0.85,-9.31,0.62,0.23,-9.52,0.12,-0.79,-9.10,0.19,0.05,-10.05,0.91,-0.58,-10.55,-0.87,0.01,-10.67,1.38
0,-0.57,-10.02,-0.40,-0.06,-10.80,0.51,-0.53,-10.24,-0.76,-0.49,-10.33,1.82,-0.11,-10.52,-1.36,-0.39,-9.99,2.56
0,-0.43,-9.52,0.64,-0.20,-9.66,0.11,-0.44,-9.79,0.33,-0.48,-10.18,0.37,-0.25,-10.15,0.29,0.01,-10.07,0.92
0,-0.27,-9.62,0.40,-0.11,-10.31,-0.71,-0.22,-10.17,1.01,0.80,-11.71,0.31,-1.21,-11.32,0.02,0.87,-11.61,1.86
0,-0.58,-9.54,0.19,0.11,-10.30,0.17,-0.55,-10.43,0.26,0.67,-11.55,0.65,-1.11,-10.90,-0.28,0.50,-10.14,2.86
0,-0.32,-9.01,-0.06,-0.46,-9.68,0.23,0.00,-9.52,0.09,-0.20,-10.62,0.71,0.26,-10.04,-1.16,-0.75,-8.60,0.57
0,-0.04,-9.71,-0.40,-0.35,-9.53,0.20,-0.29,-8.08,-0.11,-0.51,-8.85,2.15,-0.18,-10.44,-1.22,-0.24,-10.75,2.76
0,-0.37,-11.01,-0.74,-0.33,-10.43,1.22,-0.33,-9.54,-1.07,-1.00,-9.37,3.17,0.92,-10.58,-2.17,-1.29,-10.15,2.03
0,-0.03,-9.90,0.06,-0.71,-11.04,1.01,0.26,-10.83,-0.94,-1.86,-10.78,1.47,0.94,-10.58,-1.32,-1.33,-9.02,2.51
0,0.66,-10.22,-1.00,-1.24,-10.24,0.68,0.86,-11.47,-1.24,-0.51,-11.01,2.80,-0.69,-9.68,-1.64,0.17,-8.93,2.85
0,0.26,-10.73,-1.39,-0.62,-10.34,0.71,-0.18,-9.32,-0.05,0.73,-10.21,2.58,-1.25,-9.92,-1.54,0.86,-9.91,3.00
0,0.11,-10.09,-0.74,-0.10,-10.52,0.01,-0.01,-9.54,-0.37,-0.11,-9.60,0.85,-0.53,-9.37,-1.20,-0.11,-9.71,2.15
0,0.17,-9.60,-0.28,-0.85,-9.63,1.08,-0.11,-10.13,-1.09,-1.29,-8.68,0.80,0.45,-8.56,-0.98,-0.79,-9.13,2.26
0,0.41,-9.39,-0.30,-0.87,-9.72,-0.18,0.33,-9.09,-0.32,-1.01,-8.61,1.45,0.31,-8.96,-1.24,-0.45,-7.82,3.39
0,0.17,-8.42,-0.22,-0.75,-8.59,0.33,0.16,-8.56,-0.34,-0.41,-8.84,0.92,0.07,-8.51,-0.35,-0.30,-9.06,1.15
0,0.35,-8.79,-0.71,-0.74,-9.29,0.47,0.36,-9.60,-0.24,-0.56,-8.98,1.29,0.20,-8.54,-0.52,-0.65,-8.37,2.18
0,0.49,-8.39,-0.46,-0.96,-9.18,1.21,0.65,-8.96,-0.64,-1.02,-10.31,1.38,0.21,-9.51,-1.20,-0.59,-9.70,2.09
0,0.45,-8.59,-0.97,-1.07,-9.22,1.35,0.64,-9.17,-1.13,-1.27,-10.97,0.84,0.55,-10.34,-2.28,-0.66,-9.07,3.96
0,0.84,-9.67,-1.23,-1.13,-9.24,1.52,0.28,-9.55,-1.33,-1.82,-10.56,0.91,0.72,-10.62,-2.21,-1.15,-9.44,2.41
0,0.68,-10.22,-0.83,-1.51,-10.27,1.07,0.99,-10.28,-0.37,-1.69,-10.25,1.85,1.08,-10.40,-1.09,-1.36,-10.57,2.06
0,1.14,-9.38,-0.29,-1.53,-10.10,0.26,0.90,-9.55,-0.32,-1.37,-10.52,1.29,0.73,-10.40,-0.48,-1.14,-10.07,1.96
0,0.81,-8.90,-0.11,-1.45,-9.38,0.73,1.02,-9.45,-0.60,-1.80,-10.24,1.55,1.23,-9.84,-0.67,-1.68,-10.12,1.71
0,0.69,-8.91,-0.47,-1.37,-9.63,0.90,0.84,-9.62,-1.12,-2.16,-9.99,2.18,1.41,-10.14,-1.15,-1.92,-9.79,2.82
0,1.04,-9.72,-0.92,-1.55,-9.92,1.44,1.00,-9.76,-1.22,-1.88,-9.95,2.35,1.30,-10.44,-2.11,-1.80,-9.90,2.41
0,0.77,-9.79,-0.83,-1.51,-10.10,1.21,1.06,-9.34,-1.47,-2.08,-9.56,2.47,1.44,-9.95,-2.02,-1.87,-9.95,2.61
0,0.70,-9.83,-0.63,-1.32,-9.93,1.48,0.80,-10.22,-1.26,-1.82,-9.53,2.06,1.21,-10.07,-1.77,-1.60,-9.65,2.63
0,1.23,-10.27,-1.09,-1.75,-10.51,1.29,1.15,-10.18,-1.52,-1.92,-9.69,2.59,1.38,-9.86,-2.16,-1.88,-9.77,3.17
0,1.12,-9.79,-1.33,-1.76,-9.78,1.80,1.16,-9.48,-1.74,-2.28,-8.96,2.70,1.65,-9.28,-1.92,-2.17,-9.33,2.78
0,1.28,-9.21,-0.92,-1.91,-9.52,1.56,1.41,-9.29,-1.57,-2.35,-8.91,2.41,1.76,-9.01,-1.73,-2.06,-9.03,2.62
0,1.43,-8.78,-1.13,-1.91,-9.00,1.66,1.52,-8.81,-1.42,-2.04,-8.96,2.39,1.45,-9.08,-2.10,-1.77,-8.65,3.06
0,1.64,-8.63,-1.57,-2.23,-9.26,1.82,1.78,-9.42,-1.81,-2.15,-8.92,2.80,1.60,-8.79,-2.65,-2.09,-8.03,3.39
0,1.70,-8.59,-1.92,-2.17,-8.98,2.38,1.65,-9.32,-2.16,-2.47,-9.05,2.94,1.90,-8.67,-2.25,-2.39,-8.34,3.50
0,1.75,-8.37,-1.70,-2.31,-8.86,1.86,1.89,-9.05,-1.98,-2.32,-9.53,2.95,1.86,-9.14,-2.16,-2.17,-8.81,3.37
0,1.75,-8.50,-2.29,-2.27,-9.14,2.45,1.80,-9.31,-2.39,-2.26,-9.20,3.35,1.68,-8.80,-2.81,-2.11,-8.26,4.03
0,1.66,-8.52,-2.58,-2.15,-8.92,2.96,1.58,-9.18,-2.72,-2.02,-8.82,3.58,1.46,-8.93,-3.00,-1.79,-8.34,4.26
0,1.52,-8.71,-2.65,-1.93,-9.06,2.96,1.48,-9.31,-2.65,-1.74,-8.96,3.44,1.23,-9.26,-3.28,-1.58,-8.65,4.46
0,1.53,-9.32,-2.90,-2.09,-9.46,3.05,1.52,-9.49,-2.96,-2.05,-8.92,3.99,1.54,-9.21,-3.57,-1.99,-8.78,4.67
0,1.41,-9.33,-3.14,-1.95,-9.53,3.46,1.43,-9.20,-3.45,-2.24,-8.75,4.29,1.61,-9.10,-3.75,-2.05,-8.94,4.79
0,1.49,-9.27,-3.23,-1.99,-9.25,3.66,1.46,-9.14,-3.56,-2.15,-8.50,4.39,1.58,-8.88,-3.86,-1.96,-8.65,4.99
0,1.51,-8.95,-3.39,-1.98,-9.15,3.73,1.47,-9.02,-3.66,-2.26,-8.70,4.53,1.64,-9.05,-4.21,-2.12,-8.41,5.01
0,1.78,-8.87,-3.59,-2.32,-9.12,3.98,1.76,-9.28,-3.87,-2.49,-8.77,4.75,2.08,-9.08,-4.51,-2.95,-8.45,5.02
0,1.81,-9.13,-3.66,-2.72,-9.15,3.72,1.86,-9.23,-4.15,-3.13,-8.87,4.78,1.81,-9.06,-4.15,-2.72,-8.54,5.05
0,1.78,-8.28,-3.51,-2.27,-8.62,4.13,1.67,-8.86,-3.79,-2.22,-8.59,4.63,1.49,-8.62,-4.33,-1.93,-7.92,4.88
0,1.87,-8.65,-4.01,-2.52,-9.43,3.92,1.96,-10.07,-3.85,-2.53,-8.59,4.90,1.78,-8.30,-4.22,-2.21,-7.09,5.53
0,1.97,-8.38,-3.84,-2.39,-8.83,4.22,1.95,-9.35,-3.79,-2.45,-8.85,4.88,1.92,-8.66,-4.23,-2.25,-8.00,5.09
0,1.73,-7.92,-3.63,-2.30,-8.50,3.89,1.77,-8.65,-3.85,-2.45,-9.04,4.76,1.89,-8.83,-4.23,-2.39,-8.07,5.19
0,1.64,-7.81,-3.86,-2.18,-8.33,4.21,1.61,-8.72,-4.21,-2.68,-8.49,5.13,2.16,-8.15,-4.65,-2.64,-7.11,5.34
0,1.66,-8.06,-4.43,-2.16,-8.72,4.80,1.50,-9.26,-5.02,-2.81,-7.83,5.86,1.91,-7.97,-5.02,-2.62,-6.73,5.79
0,0.70,-8.31,-4.18,-1.84,-8.34,4.43,1.61,-8.80,-4.36,-2.22,-8.28,4.98,1.58,-8.19,-5.29,-2.03,-7.03,6.14
0,1.24,-7.81,-4.55,-1.75,-8.37,4.88,1.25,-9.11,-4.41,-1.79,-7.48,4.99,1.09,-7.58,-4.93,-1.34,-6.35,5.31
0,1.32,-7.67,-4.78,-1.66,-7.91,4.83,1.31,-8.40,-4.66,-1.69,-6.92,5.31,1.14,-6.82,-5.02,-1.45,-5.58,6.16
0,1.10,-7.83,-5.08,-1.70,-7.96,5.35,1.20,-8.43,-5.09,-1.88,-7.17,5.60,1.22,-7.07,-5.05,-1.56,-6.49,6.27
0,1.09,-8.20,-4.99,-1.64,-8.32,5.03,1.26,-8.31,-4.87,-1.90,-7.09,5.68,0.88,-7.34,-5.41,-1.14,-6.68,6.09
0,1.00,-8.08,-5.41,-1.49,-8.20,5.09,0.85,-7.99,-5.14,-1.04,-6.45,6.11,0.73,-7.14,-5.53,-0.67,-6.19,6.80
0,0.35,-8.46,-4.76,-0.93,-8.37,4.96,0.57,-9.00,-4.32,-0.41,-6.36,5.41,-0.15,-6.84,-5.23,-0.40,-5.71,6.27
0,0.19,-8.20,-5.09,-0.71,-8.24,5.14,0.19,-8.44,-5.29,-1.07,-6.12,6.02,0.34,-6.55,-5.31,-0.81,-5.17,6.76
0,0.11,-8.47,-4.82,-1.06,-8.06,5.04,0.25,-8.21,-5.02,-0.86,-5.78,5.71,0.38,-6.52,-5.29,-0.63,-6.34,5.98
0,0.02,-8.82,-5.10,-0.52,-8.66,4.69,0.13,-8.25,-4.91,0.28,-5.77,5.33,-0.59,-6.79,-5.80,0.48,-5.11,6.95
0,-1.16,-9.39,-5.65,0.00,-8.54,5.85,-0.44,-9.28,-5.41,0.21,-5.36,5.60,-0.49,-6.15,-6.27,0.28,-4.90,6.91
0,-0.52,-9.25,-5.35,-0.20,-8.78,5.31,-0.22,-8.67,-5.15,0.08,-5.86,5.97,-0.91,-6.78,-5.76,0.52,-6.45,5.80
0,-0.16,-8.60,-5.06,-0.41,-8.03,5.17,0.05,-7.83,-4.72,0.50,-5.99,5.35,-1.09,-6.55,-5.05,0.66,-6.78,7.17
0,-0.41,-8.01,-5.31,0.03,-7.84,5.49,-0.49,-7.91,-5.47,0.22,-6.53,6.03,-0.76,-6.96,-5.60,0.37,-5.99,6.99
0,-0.66,-7.92,-5.18,0.02,-8.45,5.23,-0.62,-9.00,-5.43,0.03,-7.16,6.08,-0.60,-7.08,-5.59,0.17,-5.74,5.93
0,-0.81,-7.63,-4.99,0.31,-8.21,5.54,-0.76,-8.64,-5.32,-0.09,-7.57,5.90,-0.67,-7.32,-5.08,0.30,-6.52,5.47
0,-0.96,-7.06,-4.68,0.35,-7.71,4.96,-0.82,-7.96,-5.05,0.29,-7.66,5.75,-1.04,-7.51,-4.84,0.67,-6.66,5.96
0,-1.09,-7.15,-4.44,0.59,-7.70,4.95,-1.07,-8.30,-4.60,0.69,-7.93,5.34,-1.36,-7.39,-4.33,1.03,-6.64,5.16
0,-1.43,-7.35,-4.03,0.74,-8.18,3.89,-1.18,-8.38,-4.32,0.91,-7.84,4.94,-1.60,-7.76,-4.00,1.18,-6.83,4.93
0,-1.56,-7.21,-3.74,0.96,-7.84,4.07,-1.32,-8.06,-4.24,0.97,-7.77,4.65,-1.76,-7.91,-4.40,1.45,-6.81,4.93
0,-1.91,-7.26,-3.56,1.12,-7.81,4.05,-1.59,-7.96,-4.01,1.07,-7.69,4.68,-2.00,-7.68,-4.18,1.60,-6.92,4.70
0,-2.15,-7.43,-3.40,1.65,-7.69,3.91,-1.93,-8.17,-3.83,1.50,-7.58,4.59,-2.36,-7.62,-3.95,2.10,-6.91,4.51
0,-2.37,-7.69,-3.29,1.72,-8.23,3.42,-2.01,-8.07,-3.39,2.07,-7.74,4.07,-2.83,-7.69,-3.42,2.56,-7.17,4.97
0,-2.75,-8.57,-3.07,2.06,-8.55,3.43,-2.29,-8.30,-3.37,2.17,-7.24,3.97,-2.92,-7.54,-3.40,2.82,-7.24,4.14
0,-2.62,-8.88,-2.90,2.34,-8.63,3.06,-2.77,-7.80,-3.11,3.05,-6.35,3.47,-3.75,-7.14,-3.12,3.43,-7.41,4.38
0,-3.17,-9.90,-3.30,2.71,-9.26,2.76,-2.92,-8.15,-2.67,3.34,-6.42,2.62,-3.98,-6.90,-2.57,3.60,-7.35,3.98
0,-3.31,-9.11,-2.70,2.57,-8.39,3.30,-3.00,-8.01,-2.71,3.51,-5.79,2.25,-4.05,-7.14,-2.56,3.69,-7.47,3.76
0,-3.02,-9.32,-2.39,2.58,-8.57,2.16,-2.92,-8.02,-2.01,3.64,-6.63,2.39,-4.11,-7.69,-2.04,3.83,-8.36,2.94
0,-3.50,-9.05,-2.14,3.09,-8.72,1.89,-3.73,-7.98,-1.93,4.03,-7.26,2.19,-4.67,-7.56,-1.79,4.30,-7.73,3.00
0,-4.42,-8.00,-1.44,3.53,-8.12,2.44,-4.21,-8.28,-1.91,4.13,-7.91,2.15,-4.81,-7.97,-2.10,4.42,-7.58,2.79
0,-4.15,-7.93,-1.55,3.77,-8.41,1.66,-4.20,-8.56,-1.47,4.19,-8.80,1.73,-4.81,-8.50,-1.46,4.41,-8.43,2.26
0,-4.42,-7.96,-1.30,3.92,-8.29,1.23,-4.30,-8.22,-1.25,4.42,-8.61,1.94,-4.99,-8.56,-1.26,4.64,-8.44,2.58
0,-4.55,-8.01,-1.36,4.09,-8.71,1.17,-4.38,-8.26,-1.07,4.62,-8.78,1.42,-5.23,-8.46,-0.93,4.83,-8.68,2.06
0,-4.94,-8.06,-0.78,4.40,-8.48,1.00,-4.84,-8.40,-0.72,4.89,-8.87,1.03,-5.52,-8.75,-0.45,5.18,-8.81,1.90
0,-4.93,-8.54,-0.55,4.63,-8.96,0.54,-5.03,-8.60,-0.42,4.98,-8.74,0.95,-5.53,-8.94,-0.68,5.21,-8.97,1.73
0,-5.04,-8.72,-0.37,4.59,-8.91,0.68,-4.87,-8.44,-0.33,5.17,-8.40,0.71,-5.66,-8.74,-0.50,5.30,-8.96,1.60
0,-4.80,-8.47,-0.23,4.33,-8.71,0.21,-4.71,-8.09,0.03,4.96,-8.39,0.43,-5.43,-8.51,-0.09,5.10,-8.71,1.50
0,-4.68,-8.17,-0.11,4.40,-8.17,0.24,-4.77,-7.82,0.25,5.13,-7.85,0.21,-5.70,-8.01,0.14,5.40,-8.25,1.21
0,-4.98,-7.99,0.21,4.62,-8.26,-0.09,-4.99,-7.96,0.32,5.17,-8.06,0.03,-5.71,-7.98,0.24,5.39,-8.24,0.80
0,-4.91,-8.04,0.42,4.61,-8.37,-0.67,-4.91,-7.75,1.03,5.34,-7.98,-0.58,-5.82,-8.34,0.76,5.63,-8.70,0.78
0,-4.80,-8.21,0.67,4.27,-8.51,-0.97,-4.54,-8.07,1.04,5.11,-8.14,-0.82,-5.53,-8.09,1.02,5.31,-8.56,0.36
0,-5.09,-7.99,0.54,4.57,-8.22,-0.47,-4.88,-7.95,0.59,4.81,-7.78,-0.36,-5.28,-7.86,0.81,4.89,-8.23,0.64
0,-5.08,-8.04,0.61,4.36,-8.29,-0.30,-4.89,-7.76,0.68,4.46,-8.17,-0.23,-5.19,-8.26,0.85,4.88,-8.97,0.22
0,-4.81,-8.24,0.55,4.45,-8.58,-0.82,-4.90,-7.87,0.71,4.64,-8.33,-0.87,-5.28,-8.65,1.01,4.96,-9.23,0.65
0,-4.95,-8.33,0.72,4.42,-8.37,-0.56,-4.86,-7.89,0.83,4.47,-8.27,-0.60,-5.02,-8.60,0.76,4.70,-9.26,0.15
0,-4.98,-8.30,0.88,4.43,-8.36,-0.91,-4.74,-7.56,1.13,4.74,-7.92,-0.98,-5.49,-8.38,1.05,5.11,-9.05,0.20
0,-5.24,-8.03,1.09,4.86,-7.99,-1.28,-5.20,-7.02,1.59,5.13,-8.38,-1.72,-5.85,-8.33,1.42,5.61,-9.16,-0.15
0,-5.64,-7.62,1.41,5.20,-8.09,-1.63,-5.44,-7.24,1.94,5.52,-9.03,-1.81,-6.24,-8.88,1.73,5.91,-9.59,-0.06
0,-5.63,-7.91,1.45,5.03,-8.22,-1.34,-5.21,-7.54,1.76,5.07,-9.69,-1.53,-5.63,-9.73,1.63,5.21,-10.59,-0.12
0,-5.47,-8.02,1.65,4.83,-8.49,-1.50,-5.11,-7.61,1.45,4.31,-10.41,-0.95,-4.98,-10.21,1.48,4.57,-11.07,-0.01
0,-5.43,-8.21,1.95,4.87,-8.65,-1.47,-5.12,-8.26,1.40,3.95,-9.90,-0.79,-5.09,-10.04,0.97,4.72,-10.34,-0.15
0,-5.61,-8.19,1.55,4.91,-8.75,-1.59,-5.04,-7.96,1.47,4.58,-10.11,-1.08,-5.28,-9.83,1.26,4.96,-10.76,-0.46
0,-5.16,-6.79,1.42,4.13,-7.66,-1.80,-4.42,-6.82,1.80,4.31,-9.86,-0.96,-4.45,-10.11,1.54,4.87,-10.75,-0.37
0,-5.24,-8.01,1.97,4.22,-8.60,-1.73,-4.73,-8.06,1.74,4.55,-10.07,-1.70,-4.96,-9.61,1.19,4.86,-9.75,-0.07
0,-5.56,-9.40,1.63,4.75,-9.45,-0.95,-5.13,-8.72,0.77,4.13,-8.54,0.10,-4.86,-9.68,1.08,4.46,-10.20,0.08
0,-4.80,-8.50,2.12,3.94,-8.68,-1.31,-4.13,-7.89,1.29,3.72,-9.20,-0.83,-4.58,-9.58,1.50,4.29,-10.48,-0.00
0,-4.43,-8.78,1.68,3.69,-9.02,-1.32,-3.81,-8.26,1.22,3.68,-9.86,-0.62,-4.44,-10.15,1.00,4.25,-11.00,0.30
0,-4.64,-10.23,1.30,3.85,-10.32,-0.71,-4.18,-9.81,0.41,3.00,-9.56,0.30,-3.93,-9.93,0.45,3.47,-10.37,0.17
0,-4.56,-9.65,1.36,3.47,-9.94,-0.31,-3.72,-9.84,0.03,2.18,-9.76,0.64,-3.07,-9.63,0.33,2.58,-9.49,0.28
0,-3.59,-8.58,1.01,2.70,-9.17,-0.20,-2.84,-9.17,-0.11,1.52,-9.73,0.82,-2.38,-9.58,-0.03,1.98,-9.87,0.61
0,-3.04,-9.34,0.77,2.13,-9.69,0.16,-2.38,-9.09,-0.50,1.00,-9.58,1.20,-1.94,-9.90,-0.23,1.54,-10.12,1.52
0,-2.80,-9.71,0.37,1.94,-9.84,0.74,-2.30,-9.77,-1.12,0.72,-9.36,1.85,-1.65,-9.60,-0.68,1.23,-9.35,1.05
0,-2.72,-9.65,0.19,1.76,-10.27,0.57,-2.13,-10.23,-0.98,0.64,-9.65,2.00,-1.55,-9.88,-0.74,1.03,-9.57,1.25
0,-1.98,-9.77,0.18,1.28,-10.11,0.52,-1.37,-9.88,-0.72,0.49,-9.42,1.81,-1.35,-9.62,-0.75,0.94,-9.41,1.51
0,-1.38,-9.58,0.14,0.68,-10.21,0.45,-0.91,-9.93,-0.72,0.19,-9.02,1.33,-0.96,-9.36,-0.77,0.71,-9.02,1.58
0,-0.91,-9.14,-0.14,0.17,-9.49,0.67,-0.52,-9.96,-0.80,-0.43,-8.49,1.72,-0.24,-8.48,-0.71,-0.23,-7.66,1.59
0,-0.04,-8.76,-0.32,-0.18,-9.91,0.51,-0.66,-10.02,-1.14,-0.79,-8.90,1.34,-0.33,-9.67,-1.31,-0.29,-8.64,2.13
0,-0.52,-10.55,-0.33,-0.39,-10.83,1.40,-0.07,-10.39,-1.02,-1.11,-10.12,1.26,0.24,-9.80,-0.87,-0.58,-10.84,0.92
0,-0.04,-9.96,-0.49,-0.79,-10.14,1.27,0.42,-10.05,-1.22,-1.42,-9.68,1.88,0.69,-9.42,-1.19,-1.03,-8.56,3.36
0,0.06,-9.70,-0.76,-0.97,-9.66,1.78,0.67,-9.80,-1.62,-1.89,-9.21,2.50,1.09,-9.49,-1.87,-1.35,-9.63,1.92
0,0.81,-9.34,-1.04,-1.67,-9.37,1.39,1.37,-8.75,-1.74,-2.16,-9.05,2.52,1.45,-9.39,-2.05,-1.71,-9.56,2.94
0,1.34,-8.83,-1.67,-2.11,-9.21,2.00,1.83,-8.96,-2.26,-2.58,-9.03,3.28,1.84,-9.27,-2.45,-2.09,-8.68,3.69
0,1.68,-8.67,-1.62,-2.46,-9.22,1.87,2.19,-8.82,-2.51,-3.01,-8.91,3.21,2.21,-8.84,-2.39,-2.45,-9.14,2.75
0,2.06,-8.47,-1.61,-2.78,-8.65,2.19,2.54,-8.24,-2.13,-2.92,-8.54,2.97,2.19,-8.82,-2.16,-2.36,-8.65,3.45
0,2.02,-8.83,-1.48,-2.87,-8.83,2.29,2.55,-8.76,-2.19,-3.37,-8.54,3.10,2.48,-8.91,-2.27,-2.83,-8.52,2.86
0,1.99,-8.85,-1.62,-2.87,-9.31,2.08,2.63,-9.54,-2.58,-3.76,-8.18,3.39,3.00,-8.45,-2.48,-3.21,-7.58,2.63
0,1.56,-8.08,-1.85,-3.12,-8.48,2.23,4.68,-10.19,-0.92,-2.48,-2.31,6.62,0.98,-2.22,-1.39,0.30,-5.30,4.14
0,3.75,-8.17,-1.81,-7.13,-7.50,3.55,3.35,-8.39,-2.13,-4.25,-5.76,6.26,4.85,-6.59,-2.47,-2.87,-5.35,5.12
0,2.57,-7.57,-1.93,-2.50,-7.74,3.44,4.07,-7.69,-2.64,-5.17,-11.17,6.31,4.27,-8.45,-4.40,-2.90,-8.53,2.20
0,3.54,-7.58,-3.06,-4.22,-8.42,2.66,3.89,-9.12,-2.81,-4.64,-9.37,3.73,5.09,-7.74,-1.66,-4.62,-7.34,4.56
0,3.78,-7.10,-2.86,-5.09,-7.38,2.62,4.12,-8.03,-3.19,-4.82,-8.01,4.97,4.30,-6.94,-1.57,-4.73,-7.40,4.17
0,4.37,-6.50,-3.13,-5.24,-7.84,2.85,4.13,-7.79,-3.73,-5.41,-8.19,4.90,4.73,-6.57,-2.06,-5.15,-7.82,3.22
0,4.73,-5.97,-2.98,-3.85,-6.90,4.31,4.43,-7.19,-3.78,-5.37,-7.99,4.52,3.64,-8.83,-2.63,-4.59,-5.05,5.58
0,4.07,-6.93,-3.28,-5.20,-7.42,4.46,4.36,-8.61,-4.03,-5.36,-7.39,4.31,4.22,-7.88,-5.04,-5.13,-6.17,3.71
0,3.93,-7.21,-3.76,-4.20,-7.42,3.84,4.60,-8.28,-4.35,-5.80,-6.49,4.24,5.22,-7.49,-5.07,-5.92,-5.44,4.79
0,4.35,-6.61,-3.80,-5.20,-7.02,4.32,4.53,-7.84,-4.65,-5.91,-6.92,4.90,5.16,-6.82,-4.31,-5.56,-6.13,5.36
0,4.60,-6.78,-4.34,-5.30,-7.39,4.41,4.84,-7.84,-4.62,-5.66,-6.56,5.31,4.97,-6.55,-4.12,-5.21,-4.96,5.98
0,4.50,-6.25,-4.26,-5.10,-6.54,4.53,4.68,-6.93,-4.44,-4.97,-6.20,4.68,4.35,-6.38,-5.22,-4.55,-5.48,4.69
0,4.40,-6.32,-4.57,-4.94,-6.28,4.95,4.52,-7.20,-4.57,-4.95,-5.98,4.81,4.32,-6.35,-5.50,-4.63,-4.64,5.41
0,4.34,-6.20,-4.75,-4.94,-6.34,5.12,4.57,-6.94,-5.13,-5.54,-6.12,5.45,4.91,-6.68,-5.88,-5.30,-4.93,5.68
0,4.66,-5.74,-4.94,-5.26,-6.16,5.10,4.79,-6.71,-5.33,-6.03,-6.37,5.80,5.38,-5.77,-5.88,-5.78,-5.38,5.23
0,4.33,-5.93,-4.92,-4.95,-6.60,5.03,4.39,-7.20,-5.59,-5.80,-6.44,6.00,5.04,-5.76,-4.70,-5.25,-4.85,5.71
0,3.93,-6.27,-5.16,-4.59,-6.55,5.55,4.05,-7.39,-5.65,-5.16,-6.22,5.88,4.31,-5.88,-5.25,-4.59,-4.81,6.08
0,3.60,-6.78,-5.74,-4.19,-6.90,5.88,3.70,-7.33,-5.96,-4.44,-5.66,6.22,3.64,-5.77,-5.91,-3.99,-4.96,6.28
0,3.28,-6.81,-6.07,-3.96,-6.80,6.11,3.80,-7.44,-6.21,-4.09,-5.24,6.38,3.47,-5.79,-6.20,-3.99,-4.67,7.04
0,3.59,-6.63,-6.32,-4.18,-6.56,6.15,3.83,-6.85,-6.19,-4.12,-5.23,6.37,3.53,-5.49,-6.06,-3.73,-4.47,6.90
0,3.37,-6.56,-6.25,-4.02,-6.33,6.24,3.68,-6.34,-6.42,-4.22,-4.95,6.59,3.60,-5.29,-5.92,-3.85,-4.64,6.84
0,3.06,-6.74,-6.37,-3.70,-6.54,6.41,3.18,-7.05,-6.60,-4.27,-4.89,6.86,3.45,-4.99,-5.89,-3.75,-4.00,6.72
0,2.91,-7.45,-6.12,-3.70,-7.35,6.34,3.37,-7.99,-6.34,-4.13,-4.69,6.87,3.33,-5.66,-6.58,-3.55,-4.13,6.71
0,2.79,-7.22,-5.94,-3.45,-6.82,6.03,3.10,-7.11,-6.09,-3.33,-4.46,6.05,2.58,-5.26,-6.25,-2.68,-4.13,6.49
0,2.49,-7.37,-6.27,-3.04,-6.80,6.25,2.73,-7.04,-6.03,-2.46,-3.92,6.13,1.88,-4.94,-6.40,-1.92,-3.85,6.94
0,2.12,-7.92,-6.48,-2.72,-7.35,6.25,2.38,-7.46,-6.04,-2.23,-4.03,6.21,1.67,-4.93,-6.30,-1.75,-4.18,6.86
0,1.67,-7.79,-6.17,-2.14,-7.09,6.16,1.68,-7.27,-6.15,-2.05,-4.49,6.25,1.40,-5.27,-5.87,-1.65,-4.67,6.30
0,0.45,-8.13,-5.97,-1.10,-8.21,6.33,0.61,-8.76,-6.76,-2.04,-4.95,6.72,1.18,-5.57,-6.13,-1.50,-4.32,6.33
0,0.04,-8.72,-6.17,-0.87,-8.46,6.79,0.27,-9.09,-7.10,-1.76,-4.95,6.96,0.83,-5.64,-6.45,-1.17,-4.41,6.37
0,-0.08,-8.31,-6.98,-0.81,-7.92,7.36,0.37,-8.08,-7.68,-1.03,-4.95,6.95,0.25,-5.75,-6.53,-0.17,-5.37,7.27
0,1.70,-8.19,-7.74,-1.40,-7.53,7.23,1.44,-6.82,-6.64,0.60,-5.08,5.93,-1.24,-6.34,-6.40,1.42,-6.30,7.92
0,0.44,-9.24,-7.52,-0.58,-8.56,6.74,0.34,-8.24,-5.98,1.33,-4.92,5.87,-1.61,-6.64,-5.66,1.47,-6.28,6.95
0,-0.66,-10.52,-6.34,0.14,-9.72,6.19,-0.35,-9.41,-5.99,0.64,-5.87,5.49,-1.32,-7.07,-5.22,0.85,-6.63,5.86
0,0.06,-9.38,-6.73,-0.61,-8.88,6.09,0.31,-8.57,-5.74,0.34,-6.38,5.07,-0.79,-7.14,-5.18,0.40,-6.39,6.07
0,0.70,-8.65,-5.86,-0.81,-8.16,5.22,0.75,-8.15,-4.89,0.03,-7.01,4.20,-0.73,-7.58,-3.89,0.24,-7.18,4.87
0,0.68,-7.96,-5.04,-1.14,-8.28,4.28,0.76,-8.16,-4.07,0.14,-8.12,3.31,-0.83,-7.85,-3.17,0.41,-8.05,4.31
0,-0.34,-8.55,-4.22,-0.11,-9.01,3.93,-0.50,-9.42,-3.65,0.50,-8.73,2.88,-1.44,-8.84,-2.73,1.05,-8.11,3.62
0,-0.83,-9.23,-3.22,0.43,-9.86,3.17,-0.60,-10.28,-3.06,0.89,-9.79,2.03,-1.54,-9.53,-2.22,1.01,-8.51,3.21
0,-0.22,-8.60,-3.01,-0.40,-8.91,2.51,0.28,-9.01,-2.23,1.66,-9.81,1.66,-1.75,-9.58,-1.99,1.70,-9.79,3.33
0,0.28,-9.37,-3.36,-0.45,-9.43,1.84,0.69,-9.29,-1.47,1.41,-9.62,2.49,-1.27,-9.15,-0.91,1.79,-10.45,3.02
0,0.25,-8.71,-1.47,-0.31,-9.79,1.95,0.48,-9.15,-1.06,1.42,-10.46,0.35,-1.38,-9.50,-0.34,1.41,-10.53,1.68
0,-0.00,-9.64,-2.48,0.05,-8.44,1.85,0.17,-8.71,-0.08,1.73,-9.56,1.11,-1.69,-9.46,-0.51,0.85,-4.39,3.31
0,-0.61,-7.49,0.59,-0.14,-7.62,2.23,0.17,-8.06,0.03,2.31,-13.60,-3.44,-0.54,-10.88,0.62,1.29,-5.62,6.39
0,-0.46,-9.00,-0.31,-0.39,-8.03,1.41,0.11,-9.89,-0.51,-0.76,-10.75,0.70,-2.00,-7.65,0.31,0.30,-5.47,1.38
0,-0.94,-8.57,0.71,0.30,-9.90,2.04,-0.16,-8.45,0.68,1.41,-11.27,0.36,-2.34,-8.94,0.29,1.87,-7.91,-2.72
0,-0.81,-8.21,0.54,0.21,-8.39,0.18,-0.66,-8.94,1.33,1.64,-10.65,-0.00,-2.11,-9.68,1.53,2.01,-9.98,-0.04
0,-1.24,-8.51,0.72,1.02,-9.38,-1.30,-1.04,-9.32,1.24,2.04,-10.75,-1.63,-2.71,-9.95,1.34,2.48,-10.71,-0.06
0,-1.58,-8.48,1.00,1.02,-9.57,-1.32,-1.38,-9.17,1.19,2.11,-10.42,-1.03,-2.60,-10.09,1.08,2.46,-8.88,1.18
0,-1.70,-8.30,1.05,1.33,-9.11,-0.99,-1.44,-9.12,1.16,2.10,-9.78,-0.84,-2.72,-9.59,1.60,2.53,-10.27,-1.24
0,-2.04,-8.43,1.51,1.55,-9.14,-1.68,-1.81,-8.68,1.69,2.48,-9.32,-1.35,-2.95,-9.01,2.14,2.93,-9.21,0.12
0,-2.45,-8.02,1.85,1.94,-8.29,-1.57,-2.13,-8.15,2.02,2.89,-8.91,-1.83,-3.31,-8.54,2.58,3.27,-9.22,-1.04
0,-2.62,-7.88,2.04,2.18,-8.25,-2.04,-2.32,-8.02,2.30,3.10,-9.01,-2.32,-3.68,-9.18,2.78,3.59,-9.60,-1.12
0,-2.63,-7.97,2.20,2.15,-8.43,-2.63,-2.17,-7.79,2.72,3.14,-9.39,-2.55,-3.63,-9.58,2.23,3.60,-9.87,-1.02
0,-2.54,-7.81,2.14,2.17,-8.31,-2.71,-2.38,-7.66,2.64,3.26,-9.12,-2.51,-3.76,-9.21,2.28,3.67,-9.64,-1.41
0,-3.05,-7.87,2.24,2.69,-8.09,-2.31,-2.88,-7.59,2.60,3.47,-8.57,-2.64,-4.01,-8.55,2.70,3.90,-9.01,-1.49
0,-3.61,-7.48,2.49,3.31,-7.64,-2.52,-3.54,-7.18,2.83,3.98,-8.07,-2.94,-4.64,-7.94,3.04,4.59,-8.75,-1.87
0,-4.22,-7.20,2.68,3.72,-7.69,-3.06,-3.80,-6.99,3.27,4.73,-8.36,-3.38,-5.26,-8.29,3.25,5.21,-8.95,-1.78
0,-4.17,-7.16,2.73,3.74,-7.80,-2.80,-3.66,-7.14,3.38,4.53,-8.91,-3.23,-5.01,-8.62,3.10,4.87,-9.11,-1.95
0,-4.23,-6.68,2.63,3.61,-7.33,-2.67,-3.73,-6.99,2.93,3.88,-9.14,-3.03,-4.66,-8.62,2.85,4.42,-8.94,-1.73
0,-4.46,-6.34,2.57,3.85,-7.02,-2.40,-3.99,-6.80,2.50,3.70,-8.71,-2.47,-4.53,-8.14,2.65,4.25,-8.78,-1.80
0,-4.67,-6.54,2.42,4.09,-7.36,-2.41,-4.23,-6.77,2.43,4.02,-8.90,-2.44,-4.82,-8.49,2.90,4.76,-9.58,-1.79
0,-5.30,-7.13,2.56,4.68,-7.71,-2.39,-4.94,-6.95,2.40,4.43,-9.03,-2.33,-5.23,-8.87,2.94,5.06,-9.82,-1.70
0,-5.79,-7.53,2.69,4.98,-7.85,-2.34,-5.15,-7.02,2.38,4.69,-9.08,-2.27,-5.48,-8.88,2.62,5.32,-9.83,-1.48
0,-5.72,-7.27,2.31,5.11,-7.60,-2.21,-5.22,-6.81,2.18,4.91,-8.72,-2.20,-5.67,-8.70,2.50,5.45,-9.42,-1.42
0,-5.99,-6.88,2.30,5.28,-7.36,-2.28,-5.49,-6.68,2.02,4.68,-8.98,-2.46,-5.50,-8.40,2.53,5.21,-9.31,-1.47
0,-5.91,-6.97,2.36,5.16,-7.37,-1.99,-5.43,-6.81,2.01,4.68,-8.86,-1.95,-5.53,-8.51,2.57,5.24,-9.53,-1.25
0,-5.83,-7.12,2.19,5.16,-7.71,-1.90,-5.27,-7.05,1.88,4.84,-9.04,-1.86,-5.65,-8.83,2.18,5.48,-9.55,-0.73
0,-5.90,-7.35,1.70,5.22,-7.75,-1.43,-5.45,-6.98,1.37,4.96,-8.89,-1.40,-5.74,-8.89,1.58,5.53,-9.59,-0.70
0,-6.11,-7.54,1.45,5.31,-7.81,-1.13,-5.60,-7.01,1.02,4.90,-8.49,-1.05,-5.83,-8.67,1.39,5.54,-9.41,-0.38
0,-6.20,-7.50,1.31,5.44,-7.62,-0.91,-5.76,-6.76,0.67,4.96,-8.14,-0.89,-5.75,-8.37,1.18,5.57,-9.27,-0.25
0,-6.34,-7.78,0.77,5.63,-7.69,-0.53,-5.79,-6.74,0.42,5.38,-7.92,-0.49,-6.19,-8.32,0.81,5.92,-9.21,0.34
0,-6.37,-8.00,0.34,5.69,-8.03,0.02,-5.95,-7.28,-0.31,5.18,-7.87,0.21,-5.95,-8.15,0.32,5.59,-8.85,0.65
0,-6.76,-8.28,0.14,5.93,-8.40,0.79,-6.43,-8.06,-1.26,4.61,-7.85,1.19,-5.72,-8.27,-0.37,5.16,-8.70,0.89
0,-6.75,-8.72,-0.20,5.89,-8.57,0.99,-6.29,-8.10,-1.40,5.09,-8.04,1.07,-6.21,-8.29,-0.93,5.94,-8.72,1.74
0,-6.36,-8.74,-1.24,4.69,-8.30,1.34,-5.29,-7.58,-1.23,5.13,-7.68,1.25,-5.59,-8.13,-1.04,5.76,-8.76,2.36
0,-6.53,-9.19,-0.89,5.70,-9.02,1.79,-6.10,-8.17,-2.17,4.81,-7.42,2.10,-5.63,-8.21,-1.26,5.02,-8.63,1.89
0,-6.51,-8.96,-0.92,5.49,-8.79,1.76,-5.86,-8.32,-2.18,4.40,-8.19,2.17,-5.32,-8.51,-1.31,4.86,-8.74,2.08
0,-5.77,-7.67,-1.29,4.82,-8.07,1.81,-4.97,-7.78,-2.19,4.25,-8.94,2.35,-5.12,-8.70,-1.75,4.66,-8.83,2.44
0,-5.51,-7.58,-1.85,4.70,-8.48,2.36,-5.02,-8.39,-2.80,4.03,-9.02,3.28,-4.85,-8.86,-2.33,4.25,-8.39,2.99
0,-5.64,-8.67,-2.36,4.69,-9.32,3.13,-5.15,-9.28,-3.53,3.74,-8.75,3.66,-4.63,-8.83,-2.73,4.28,-8.49,3.39
0,-4.90,-8.95,-2.64,4.01,-9.18,3.01,-4.36,-8.73,-3.31,3.95,-8.14,3.38,-4.70,-8.36,-2.91,4.33,-8.33,3.77
0,-4.52,-8.92,-3.16,3.84,-8.90,3.69,-4.11,-8.61,-3.81,3.54,-7.23,3.91,-4.19,-7.78,-3.46,3.92,-7.60,4.10
0,-4.33,-9.35,-2.88,3.51,-9.39,3.57,-4.02,-8.93,-3.85,3.06,-7.51,4.19,-3.79,-8.19,-3.33,3.23,-8.12,3.96
0,-4.35,-9.21,-2.91,3.51,-9.07,3.79,-4.07,-9.05,-4.23,2.41,-7.72,4.44,-3.24,-8.13,-3.53,2.62,-7.95,3.82
0,-3.86,-8.69,-2.91,3.03,-8.95,3.61,-3.45,-8.66,-4.19,2.26,-7.80,4.64,-3.06,-8.25,-3.96,2.66,-7.94,4.61
0,-3.36,-8.58,-3.63,2.58,-8.55,4.47,-3.04,-8.47,-4.67,2.28,-7.76,5.02,-3.05,-8.02,-4.49,2.66,-7.85,5.15
0,-3.04,-8.65,-4.20,2.39,-8.52,4.65,-2.78,-8.37,-4.83,2.10,-7.45,5.32,-2.83,-7.84,-4.70,2.41,-7.60,5.24
0,-2.12,-8.35,-4.06,1.90,-8.69,4.84,-1.91,-8.58,-4.82,1.86,-7.70,5.16,-2.53,-8.31,-5.17,1.91,-7.81,5.24
0,-2.78,-7.67,-4.21,1.89,-8.05,4.74,-2.19,-8.12,-5.20,0.77,-8.01,5.64,-1.79,-8.01,-4.61,1.10,-7.46,4.99
0,-2.44,-8.30,-4.22,1.74,-8.87,4.95,-2.22,-8.47,-5.69,1.30,-7.11,6.09,-2.01,-7.80,-5.47,1.57,-7.00,6.56
0,-2.04,-8.57,-5.34,1.23,-8.30,5.54,-1.72,-7.94,-5.95,1.23,-6.65,6.30,-1.90,-7.47,-5.77,1.52,-7.13,6.21
0,-1.56,-8.60,-5.56,0.84,-8.42,5.88,-1.31,-8.12,-5.89,1.09,-6.33,6.49,-1.90,-7.42,-5.93,1.31,-7.07,6.49
0,-2.04,-8.89,-5.53,1.06,-8.55,6.18,-1.31,-8.55,-6.21,0.62,-6.44,6.76,-1.59,-7.43,-6.16,0.96,-6.92,6.81
0,-1.59,-8.33,-5.41,0.79,-8.12,5.89,-1.24,-8.03,-6.25,0.18,-6.75,6.77,-0.97,-7.11,-6.27,0.46,-6.34,6.75
0,-1.08,-7.64,-5.66,0.37,-7.62,5.94,-0.73,-7.58,-6.32,0.16,-6.52,6.85,-0.94,-6.89,-6.11,0.50,-6.25,6.70
0,-1.26,-7.46,-6.01,0.43,-7.59,6.39,-0.80,-7.69,-6.79,-0.05,-6.44,7.35,-0.68,-6.78,-6.63,0.31,-5.88,7.16
0,-0.87,-7.15,-6.14,-0.02,-7.34,6.57,-0.38,-7.49,-6.95,-0.76,-6.73,7.74,-0.08,-7.10,-6.74,-0.47,-6.12,7.12
0,-0.42,-6.75,-6.00,-0.51,-7.20,6.45,0.14,-7.32,-6.89,-1.39,-7.05,7.63,0.60,-7.04,-6.77,-1.00,-6.22,7.13
0,0.02,-6.48,-6.21,-0.92,-6.99,6.75,0.22,-6.93,-7.30,-1.82,-6.46,7.78,0.96,-6.67,-6.98,-1.27,-5.49,7.27
0,-0.61,-7.15,-6.02,-0.39,-6.98,7.02,-0.19,-7.23,-7.58,-1.79,-5.77,7.74,0.88,-6.34,-6.87,-0.97,-5.03,6.81
0,-0.60,-7.50,-5.73,-0.31,-7.33,6.34,-0.13,-7.30,-7.07,-1.61,-5.14,7.39,0.66,-5.60,-6.34,-1.02,-4.80,6.70
0,-0.65,-7.39,-5.74,-0.21,-6.97,6.55,-0.15,-7.01,-7.01,-1.52,-4.12,7.23,0.59,-4.83,-6.34,-0.84,-4.14,6.83
0,-0.47,-7.43,-6.20,-0.49,-6.98,6.57,0.18,-6.93,-6.90,-1.07,-3.76,7.06,0.11,-4.50,-6.53,-0.29,-3.78,7.03
0,-0.62,-7.09,-6.32,-0.30,-6.62,6.80,-0.02,-7.07,-6.90,-1.14,-3.93,7.18,0.25,-4.65,-6.64,-0.55,-3.57,7.13
0,-0.38,-6.77,-6.44,-0.77,-6.69,6.74,0.51,-6.89,-6.97,-1.86,-4.69,7.30,0.93,-5.13,-6.80,-1.09,-4.10,7.24
0,0.17,-6.45,-6.44,-1.12,-6.36,6.69,0.81,-6.77,-6.89,-2.25,-4.68,7.11,1.28,-4.97,-6.64,-1.48,-3.79,6.91
0,0.23,-6.20,-6.36,-1.15,-6.35,6.59,0.85,-6.94,-6.78,-2.20,-4.95,6.81,1.28,-4.87,-6.42,-1.36,-3.57,6.54
0,-0.11,-6.33,-6.23,-0.85,-6.67,6.51,0.43,-7.48,-6.96,-2.08,-4.69,7.17,1.06,-4.73,-6.56,-1.24,-3.30,6.97
0,-0.11,-6.68,-6.76,-0.78,-6.80,7.03,0.52,-7.59,-7.02,-1.73,-4.98,6.99,0.93,-5.11,-6.79,-1.11,-3.59,7.14
0,0.23,-6.37,-6.99,-1.11,-6.63,7.02,0.77,-7.52,-7.13,-1.81,-4.85,6.92,0.71,-4.96,-6.71,-0.96,-3.42,7.24
0,0.27,-6.52,-7.09,-1.15,-6.83,6.98,0.79,-7.72,-6.92,-1.62,-5.28,6.76,0.81,-5.35,-6.53,-1.00,-3.91,7.01
0,0.53,-6.67,-6.98,-1.36,-7.11,6.59,0.98,-7.87,-6.66,-1.55,-5.64,6.67,0.85,-5.65,-6.31,-0.84,-4.41,7.02
0,0.75,-6.70,-7.03,-1.41,-7.12,6.97,1.01,-7.61,-6.87,-1.43,-5.65,6.52,0.65,-5.64,-6.45,-0.92,-3.95,7.49
0,0.42,-7.81,-7.55,-1.07,-7.60,7.11,0.67,-7.91,-7.05,-0.94,-5.05,6.69,0.11,-5.74,-6.65,-0.42,-4.46,6.99
0,0.02,-8.15,-7.59,-0.79,-8.17,7.45,0.50,-8.63,-7.12,-0.50,-5.66,6.62,-0.41,-6.15,-6.92,0.28,-4.92,7.81
0,0.09,-8.72,-7.43,-0.68,-8.34,7.15,0.23,-8.79,-6.74,0.05,-5.62,6.14,-0.55,-6.18,-6.18,0.32,-4.98,6.63
0,-0.14,-8.71,-7.23,-0.53,-8.47,6.61,0.19,-8.94,-6.40,0.15,-5.69,5.66,-0.57,-6.09,-5.60,0.79,-4.86,6.77
0,-0.03,-8.38,-6.91,-0.44,-8.06,6.55,0.14,-8.56,-6.09,0.66,-5.75,4.81,-1.14,-6.22,-5.24,0.76,-5.64,5.78
0,-0.38,-8.87,-6.45,-0.24,-8.56,6.11,-0.12,-8.71,-5.93,0.97,-6.14,4.43,-1.08,-6.80,-5.08,1.04,-5.69,6.10
0,-0.25,-9.51,-6.59,-0.04,-8.98,6.00,-0.08,-8.79,-5.66,0.89,-6.56,4.25,-1.77,-7.45,-4.72,1.55,-7.22,5.74
0,-0.21,-9.44,-6.20,-0.37,-9.18,5.57,-0.10,-9.04,-5.20,1.30,-7.55,3.72,-1.90,-8.19,-4.19,1.71,-8.01,5.39
0,-0.41,-9.34,-5.68,-0.08,-8.95,5.07,-0.16,-8.33,-4.35,1.38,-8.49,3.35,-1.88,-9.08,-3.52,1.57,-8.53,5.04
0,0.02,-8.55,-5.04,-0.46,-8.82,4.48,0.11,-8.81,-4.05,1.19,-9.21,3.05,-1.43,-9.18,-2.87,1.27,-8.98,4.24
0,0.14,-8.32,-4.36,-0.50,-8.77,3.75,0.11,-8.75,-3.27,1.14,-9.98,2.20,-1.55,-9.56,-2.33,1.31,-9.27,4.28
0,-0.00,-8.20,-3.71,-0.47,-8.85,3.40,0.06,-8.73,-2.77,0.91,-10.07,2.34,-1.32,-10.04,-2.44,0.88,-9.76,3.09
0,-0.02,-7.92,-2.75,-0.43,-8.82,2.38,-0.08,-9.00,-2.08,0.52,-10.41,1.50,-1.03,-9.99,-1.66,0.74,-9.35,2.90
0,-0.02,-7.72,-2.06,-0.28,-8.59,1.66,-0.07,-8.51,-1.09,1.17,-10.82,0.77,-1.67,-10.34,-0.95,1.46,-10.18,2.17
0,-0.27,-8.10,-1.24,-0.01,-8.81,0.88,-0.34,-8.79,-0.25,1.62,-10.78,0.20,-2.05,-10.18,-0.31,1.91,-10.04,1.84
0,-0.53,-8.13,-0.75,0.25,-8.79,0.38,-0.53,-8.72,0.11,1.84,-10.15,-0.04,-2.20,-9.68,0.06,2.06,-9.50,1.47
0,-0.77,-8.15,-0.47,0.35,-8.79,-0.05,-0.67,-8.51,0.53,1.83,-10.01,-0.59,-2.20,-9.43,0.37,2.01,-9.50,1.13
0,-0.74,-8.26,0.12,0.38,-8.84,-0.31,-0.66,-8.60,0.84,1.60,-9.55,-0.83,-2.06,-9.35,0.72,1.86,-9.41,0.67
0,-1.02,-8.53,0.69,0.68,-8.83,-0.79,-0.99,-8.56,1.17,1.71,-9.07,-1.15,-2.20,-9.06,1.11,2.08,-9.31,-0.12
0,-1.26,-8.99,0.34,1.39,-9.21,-0.71,-2.01,-10.86,1.30,2.46,-8.14,-1.30,-3.75,-9.74,0.30,3.55,-12.39,-0.79
0,-2.14,-8.17,1.89,1.17,-8.44,-0.98,-1.96,-8.34,2.09,2.78,-11.74,-5.81,-3.26,-8.37,2.33,3.01,-7.84,0.83
0,-1.30,-7.77,0.97,1.13,-8.53,-2.04,-1.24,-7.99,2.44,2.77,-10.20,-4.03,-3.35,-8.67,2.01,2.99,-9.84,-2.35
0,-1.47,-7.75,1.32,1.12,-6.84,-0.45,-1.05,-8.07,2.49,2.58,-9.10,-2.89,-3.25,-8.99,1.73,2.90,-8.83,-0.30
0,-2.04,-8.58,1.16,1.61,-7.91,-3.06,-1.79,-8.23,2.04,2.80,-8.67,-2.33,-3.28,-8.74,2.21,3.33,-9.35,-0.66
0,-2.62,-8.74,1.44,2.03,-9.11,-2.37,-2.14,-8.22,2.03,2.65,-9.19,-2.55,-3.36,-9.28,2.72,3.24,-10.26,-1.46
0,-3.39,-8.33,2.72,2.88,-9.07,-2.89,-3.17,-8.20,2.80,2.95,-9.25,-3.20,-3.73,-8.96,3.58,3.68,-9.72,-2.30
0,-3.64,-8.11,2.74,3.00,-7.93,-2.18,-3.07,-8.19,3.22,3.34,-9.05,-3.55,-3.96,-8.83,3.64,3.96,-9.17,-2.23
0,-3.44,-7.94,2.71,2.72,-8.80,-3.72,-2.76,-7.77,3.19,2.75,-9.24,-3.56,-3.39,-9.35,3.59,3.22,-10.56,-2.89
0,-3.06,-7.80,3.34,2.26,-8.67,-3.95,-2.33,-7.88,3.54,1.95,-10.19,-3.78,-2.66,-9.96,4.16,2.58,-10.38,-2.51
0,-3.11,-7.65,3.58,2.32,-8.41,-3.34,-2.61,-8.11,3.18,1.47,-10.54,-3.42,-2.48,-10.03,3.95,2.32,-10.75,-3.29
0,-3.31,-7.49,3.55,2.58,-8.36,-3.31,-2.86,-8.20,3.21,1.62,-10.41,-2.90,-2.64,-9.95,3.87,2.46,-10.31,-2.50
0,-3.50,-7.20,3.83,2.63,-8.29,-3.93,-2.78,-7.61,3.62,2.17,-10.29,-3.44,-2.84,-9.75,4.14,2.79,-10.94,-3.30
0,-3.00,-6.80,3.73,2.35,-7.35,-3.49,-2.46,-6.72,3.83,2.19,-10.14,-3.52,-3.02,-10.06,4.06,2.88,-11.11,-2.52
0,-3.32,-7.58,3.73,2.60,-8.34,-3.79,-2.79,-7.19,3.40,2.12,-10.21,-3.24,-3.03,-10.17,3.60,2.79,-11.13,-2.71
0,-3.87,-7.81,3.78,3.02,-8.42,-3.03,-3.19,-8.08,2.90,2.08,-10.20,-2.75,-2.95,-9.97,3.34,2.67,-10.65,-2.58
0,-4.14,-8.43,3.41,3.12,-9.08,-2.94,-3.41,-8.79,2.67,2.18,-9.96,-2.55,-3.09,-9.73,3.08,2.89,-10.57,-2.34
0,-3.85,-8.90,3.30,3.04,-8.94,-2.61,-3.20,-8.18,2.64,2.14,-9.36,-2.54,-3.04,-9.72,3.03,2.78,-10.81,-2.14
0,-3.55,-8.66,3.53,2.73,-8.81,-3.30,-3.00,-7.51,2.65,1.79,-8.85,-2.59,-2.72,-9.39,3.19,2.45,-10.58,-2.51
0,-3.84,-8.71,3.56,2.99,-8.79,-2.72,-3.30,-8.11,2.28,1.67,-9.02,-2.19,-2.61,-9.41,3.05,2.30,-10.31,-2.37
0,-4.07,-9.32,3.23,3.25,-9.62,-2.77,-3.72,-8.82,2.02,1.92,-9.63,-1.56,-2.81,-10.02,2.68,2.08,-10.64,-2.30
0,-3.10,-8.78,2.42,2.56,-9.55,-2.18,-3.04,-9.00,1.57,1.49,-9.05,-0.89,-2.54,-9.78,1.95,2.01,-10.66,-1.27
0,-3.02,-9.37,2.74,2.04,-9.49,-2.15,-2.14,-8.45,1.85,1.47,-9.96,-1.89,-2.26,-10.11,2.18,1.92,-11.26,-1.63
0,-3.15,-8.83,2.58,2.22,-9.19,-1.67,-2.56,-8.95,1.07,0.84,-10.13,-0.99,-1.87,-9.85,1.71,1.43,-10.21,-1.32
0,-3.47,-8.73,2.84,2.71,-10.02,-1.85,-2.99,-10.08,0.91,0.80,-10.64,-0.39,-1.76,-10.19,1.86,1.38,-10.31,-1.60
0,-3.06,-9.03,2.38,2.04,-9.97,-1.20,-2.53,-10.39,0.68,0.75,-10.80,-0.19,-1.93,-10.26,1.34,1.85,-9.93,-0.61
0,-2.49,-9.08,1.16,1.70,-9.79,-0.95,-2.06,-9.53,0.26,0.70,-9.75,-0.17,-1.60,-9.86,1.02,1.35,-10.07,0.42
0,-2.13,-9.41,1.06,1.33,-9.49,-0.03,-1.48,-9.46,0.23,0.89,-9.44,-0.11,-1.60,-9.45,0.57,1.24,-9.60,0.32
0,-1.79,-9.44,0.86,1.15,-10.03,-0.69,-1.45,-9.67,-0.01,0.91,-9.48,0.08,-1.60,-9.47,0.46,1.14,-9.65,0.33
0,-1.65,-9.89,0.44,0.97,-10.13,0.29,-1.45,-9.99,-0.51,0.53,-9.48,1.23,-1.15,-9.69,-0.11,0.77,-9.41,1.30
0,-1.13,-9.94,0.07,0.47,-10.30,0.49,-1.01,-10.04,-0.86,0.03,-9.42,1.44,-0.90,-9.55,-0.21,0.41,-9.87,1.07
0,-1.15,-10.05,0.12,0.51,-10.25,0.64,-0.96,-10.12,-1.04,-0.25,-9.52,1.55,-0.65,-9.95,-0.21,0.15,-9.86,1.04
0,-1.09,-9.49,0.28,0.47,-9.95,0.56,-1.00,-9.97,-0.93,-0.74,-10.07,1.58,-0.20,-10.18,-0.69,-0.33,-9.83,1.03
0,-0.99,-9.08,0.28,0.22,-9.89,0.71,-0.87,-10.33,-1.24,-1.20,-10.42,1.77,0.31,-10.17,-0.85,-0.81,-9.65,1.10
0,-0.66,-8.74,-0.01,-0.26,-9.53,0.93,-0.34,-9.69,-1.48,-1.46,-10.51,1.94,0.70,-10.20,-1.10,-1.20,-9.65,1.60
0,0.79,-9.43,-1.65,-1.74,-9.81,2.00,1.13,-9.72,-2.07,-1.40,-9.30,3.34,0.79,-9.46,-2.16,-1.28,-9.56,2.39
0,0.14,-8.86,-1.63,-0.91,-10.13,2.11,0.60,-9.74,-2.94,-1.83,-10.30,3.70,1.01,-9.73,-2.27,-1.58,-9.17,3.42
0,0.45,-9.00,-2.06,-1.14,-9.65,3.19,0.72,-9.96,-3.22,-2.10,-9.82,4.27,1.38,-9.77,-3.24,-1.91,-8.99,3.24
0,0.19,-8.93,-2.26,-1.35,-9.69,3.14,0.45,-9.92,-3.64,-2.17,-9.03,4.00,1.43,-9.35,-3.28,-2.14,-8.80,3.12
0,0.25,-9.62,-2.65,-0.96,-10.54,3.48,0.20,-9.76,-3.91,-2.38,-8.09,4.25,2.14,-8.89,-3.65,-2.17,-8.24,3.56
0,0.37,-10.41,-2.65,-1.47,-9.81,3.97,0.57,-9.55,-4.21,-2.46,-6.97,4.67,1.67,-8.09,-3.51,-2.14,-8.00,3.96
0,0.56,-10.94,-3.24,-1.33,-10.23,3.81,0.73,-9.73,-4.58,-2.28,-6.51,4.73,1.41,-7.48,-3.85,-1.75,-7.41,4.58
0,-0.36,-10.70,-3.22,-1.11,-9.66,4.17,0.99,-9.69,-4.67,-2.01,-7.17,3.65,1.30,-7.27,-4.14,-1.39,-7.62,3.84
0,-0.25,-10.05,-3.58,-0.89,-9.72,4.04,0.37,-9.69,-4.41,-1.76,-6.43,4.88,0.80,-7.52,-4.08,-1.11,-6.65,4.47
0,-0.35,-9.05,-3.10,-0.57,-9.24,3.61,-0.25,-9.76,-4.04,-1.70,-6.91,3.93,0.91,-7.50,-3.96,-0.90,-6.45,4.05
0,-0.27,-8.54,-3.32,-0.81,-9.09,3.63,0.37,-9.66,-4.15,-1.88,-7.50,4.47,0.90,-7.20,-3.50,-1.13,-6.20,4.22
0,-0.01,-8.15,-3.75,-1.05,-8.59,4.45,0.78,-9.46,-4.72,-2.44,-7.22,5.07,1.59,-6.90,-3.93,-1.76,-6.03,4.55
0,0.75,-8.07,-4.19,-1.62,-8.40,4.70,1.28,-9.09,-4.93,-3.11,-7.02,5.28,2.16,-6.96,-4.13,-2.58,-6.10,4.70
0,1.12,-7.60,-3.85,-2.09,-8.20,4.51,1.83,-8.85,-4.85,-3.63,-7.27,4.96,2.60,-7.48,-4.45,-2.96,-6.18,4.41
0,1.17,-7.91,-4.04,-2.25,-8.28,4.67,1.82,-9.10,-5.17,-3.69,-6.69,5.32,2.60,-7.21,-4.77,-2.70,-5.88,4.53
0,0.69,-8.25,-4.13,-1.42,-8.42,4.47,1.19,-9.16,-4.98,-3.48,-6.45,4.52,2.05,-6.75,-3.62,-2.48,-5.43,3.72
0,0.96,-7.92,-4.52,-1.70,-7.96,4.48,1.85,-8.66,-4.89,-2.67,-6.92,4.13,1.88,-6.68,-4.29,-2.29,-5.67,5.12
0,1.52,-7.69,-5.10,-2.27,-7.74,4.81,2.06,-8.20,-5.01,-2.49,-6.66,4.40,1.80,-6.65,-4.33,-1.66,-6.51,4.31
0,0.95,-7.88,-5.25,-1.75,-8.12,4.96,1.79,-8.43,-5.22,-2.18,-6.83,4.67,1.12,-7.11,-4.63,-1.08,-6.17,5.38
0,0.47,-8.54,-5.38,-1.33,-8.29,5.61,1.08,-9.05,-5.37,-1.50,-6.92,4.55,0.41,-7.56,-4.87,-0.61,-6.79,5.38
0,-0.06,-9.12,-5.07,-0.91,-9.35,4.84,0.67,-9.43,-4.95,-1.10,-7.48,4.50,0.07,-7.73,-4.51,0.03,-6.82,5.36
0,0.12,-9.09,-5.11,-0.92,-8.95,4.70,0.94,-9.42,-4.56,-0.43,-7.76,4.12,-0.42,-7.54,-3.71,0.49,-7.22,4.60
0,0.46,-9.05,-5.28,-1.16,-9.32,4.37,1.16,-9.39,-4.36,-0.12,-7.57,3.67,-0.58,-7.61,-3.61,0.67,-7.10,5.46
0,0.65,-9.35,-5.01,-1.25,-9.04,4.87,1.19,-9.32,-4.04,-0.14,-7.98,3.35,-0.53,-8.43,-3.60,0.54,-7.97,4.71
0,0.75,-9.36,-4.49,-1.37,-9.39,3.82,1.31,-9.50,-3.23,0.07,-7.99,2.84,-0.67,-8.40,-3.21,0.68,-7.79,4.32
0,0.91,-9.58,-4.11,-1.26,-9.50,3.83,1.12,-9.84,-2.98,0.32,-8.10,2.68,-0.87,-8.46,-2.97,0.82,-7.79,4.49
0,0.15,-10.01,-3.85,-0.52,-10.20,3.31,0.19,-10.29,-3.20,0.65,-8.19,3.01,-1.34,-8.51,-2.94,1.17,-7.67,3.82
0,-0.60,-10.50,-3.81,0.08,-10.37,3.84,-0.27,-10.45,-3.37,0.92,-8.38,3.15,-1.59,-8.78,-2.81,1.38,-8.35,4.17
0,-0.28,-10.36,-3.68,-0.26,-10.41,3.59,0.11,-10.49,-3.08,1.13,-8.67,2.50,-1.75,-9.05,-2.85,1.63,-8.71,4.17
0,0.11,-10.46,-3.61,-0.54,-10.28,3.00,0.45,-10.13,-2.41,1.36,-8.83,1.89,-1.72,-9.42,-2.28,1.64,-8.98,3.89
0,0.29,-10.61,-3.06,-0.54,-10.36,2.32,0.37,-10.03,-1.71,1.50,-8.98,1.24,-1.82,-9.61,-1.64,1.74,-9.38,2.94
0,0.04,-10.25,-2.65,-0.28,-9.94,2.05,0.49,-9.80,-1.19,2.07,-9.07,0.10,-2.34,-9.57,-1.27,2.39,-9.24,2.65
0,-0.17,-9.51,-1.93,0.45,-9.67,1.09,-0.22,-9.51,-0.34,2.60,-8.85,-0.09,-2.79,-9.07,-0.49,2.89,-9.10,2.00
0,-0.56,-9.59,-1.45,0.47,-9.77,0.44,-0.67,-9.28,0.17,2.76,-9.71,-0.97,-3.04,-9.43,0.51,2.86,-9.73,1.35
0,-0.65,-9.11,-0.59,0.56,-9.60,-0.11,-0.70,-9.32,0.71,2.64,-9.92,-1.50,-2.73,-9.64,1.01,2.64,-9.82,0.68
0,-0.81,-8.96,0.02,0.62,-9.37,-0.45,-0.79,-9.43,1.17,2.33,-10.16,-1.47,-2.77,-9.79,1.33,2.51,-9.84,-0.09
0,-1.01,-8.33,0.48,0.63,-8.92,-1.16,-0.88,-9.05,1.25,2.59,-9.75,-2.02,-2.94,-9.20,1.79,2.68,-9.29,-0.20
0,-1.24,-8.10,0.60,0.57,-8.61,-1.36,-1.15,-8.22,1.81,2.34,-9.70,-2.44,-2.78,-9.01,2.01,2.71,-9.05,-0.81
0,-1.19,-7.56,1.35,0.77,-8.35,-1.82,-1.08,-8.27,2.05,1.98,-9.51,-2.96,-2.34,-8.63,2.62,2.16,-9.21,-1.06
0,-1.18,-7.23,1.90,0.82,-7.91,-2.02,-0.95,-8.00,2.43,1.80,-9.28,-2.96,-2.26,-8.74,2.84,2.14,-8.84,-1.58
0,-1.23,-7.39,2.16,0.91,-8.06,-2.48,-1.18,-7.54,2.85,2.12,-9.22,-3.17,-2.45,-9.27,3.01,2.35,-9.77,-2.03
0,-1.32,-7.35,2.65,1.32,-7.91,-2.76,-1.35,-7.29,3.37,2.15,-9.37,-3.73,-2.70,-9.06,3.52,2.80,-9.76,-2.26
0,-1.96,-7.04,3.23,1.74,-7.58,-3.47,-1.84,-7.02,3.76,2.65,-8.79,-4.03,-3.15,-8.59,4.01,3.06,-9.11,-2.94
0,-2.34,-6.68,3.46,1.94,-7.32,-3.70,-2.04,-7.03,4.05,2.90,-8.40,-4.27,-3.36,-8.03,4.47,3.33,-8.72,-3.16
0,-2.65,-6.54,3.84,2.31,-7.32,-4.19,-2.38,-6.91,4.32,2.94,-8.51,-4.77,-3.45,-8.04,4.88,3.40,-8.86,-3.63
0,-2.86,-6.63,4.12,2.35,-7.24,-4.13,-2.59,-6.81,4.48,3.00,-8.38,-4.73,-3.58,-8.13,4.90,3.42,-8.92,-3.85
0,-3.37,-6.40,4.41,2.88,-6.88,-4.56,-2.95,-6.31,4.77,3.36,-8.24,-5.26,-3.91,-7.89,5.22,4.01,-8.89,-4.05
0,-3.40,-6.06,4.46,2.60,-6.45,-4.67,-2.82,-6.04,4.95,3.60,-8.05,-5.14,-3.97,-7.97,5.13,4.15,-9.33,-3.70
0,-3.68,-6.32,4.55,3.10,-6.66,-5.00,-3.00,-5.33,5.09,3.65,-8.46,-5.43,-4.39,-8.75,5.33,4.29,-10.24,-3.51
0,-3.67,-6.53,4.86,3.24,-6.53,-5.19,-3.06,-4.90,5.56,3.63,-9.03,-5.90,-4.30,-9.20,5.84,4.39,-11.16,-4.41
0,-3.78,-5.89,5.31,3.07,-6.26,-5.66,-3.12,-4.75,5.90,3.70,-9.42,-6.44,-4.51,-9.02,6.23,4.68,-10.69,-4.60
0,-4.13,-5.44,5.37,3.65,-6.00,-5.55,-3.46,-4.98,5.71,3.79,-9.03,-6.18,-4.73,-8.44,6.09,4.82,-9.88,-4.67
0,-4.66,-5.21,4.92,3.96,-5.97,-4.90,-3.74,-5.10,4.88,3.72,-9.30,-5.45,-4.76,-8.80,5.54,4.87,-10.29,-4.52
0,-5.35,-5.94,4.62,4.32,-6.77,-4.40,-4.43,-6.10,4.01,4.13,-9.41,-4.47,-5.11,-8.94,4.89,5.30,-10.03,-3.74
0,-5.74,-6.87,4.09,4.86,-7.66,-3.59,-4.76,-6.94,3.40,4.37,-9.49,-3.63,-5.23,-9.60,4.39,5.20,-10.89,-3.65
0,-6.12,-7.34,3.93,5.08,-8.07,-3.17,-4.98,-7.35,2.78,4.28,-9.21,-3.15,-5.27,-9.40,3.94,5.14,-10.38,-3.44
0,-5.99,-7.89,3.39,4.96,-8.09,-2.98,-5.12,-7.17,2.32,4.23,-8.70,-3.17,-5.19,-8.83,3.91,5.19,-9.94,-2.91
0,-6.19,-8.50,2.83,5.05,-8.47,-2.10,-4.72,-7.16,2.05,3.26,-7.76,-2.29,-4.73,-8.56,2.76,4.14,-9.34,-2.42
0,-4.74,-8.56,2.70,3.85,-8.13,-1.97,-4.04,-7.29,1.19,3.00,-7.81,-2.46,-3.89,-8.47,2.65,3.73,-10.13,-3.13
0,-5.50,-9.37,2.42,4.30,-9.38,-1.59,-4.38,-8.04,0.41,2.24,-7.51,-0.71,-3.25,-8.58,2.15,3.10,-9.97,-1.71
0,-5.73,-8.77,2.58,4.11,-9.13,-1.24,-4.90,-8.35,-0.59,1.62,-8.42,0.45,-3.34,-8.92,1.21,2.61,-10.05,-1.32
0,-5.21,-8.78,1.87,4.14,-9.37,-0.41,-4.46,-9.43,-0.88,1.55,-9.60,0.81,-2.67,-9.27,0.97,2.34,-8.99,-0.61
0,-5.28,-8.77,1.70,4.03,-9.74,-0.01,-4.59,-10.23,-1.14,1.38,-10.23,1.17,-2.56,-9.77,0.48,2.08,-9.74,-0.82
0,-4.11,-8.78,1.01,3.19,-9.81,0.13,-3.54,-9.77,-1.02,1.63,-10.16,1.13,-2.64,-9.96,0.17,2.13,-9.96,0.23
0,-3.71,-9.17,0.38,2.83,-9.94,0.20,-3.33,-9.52,-1.15,2.04,-9.70,1.04,-2.94,-9.61,-0.19,2.50,-9.91,0.76
0,-3.31,-9.49,-0.18,2.40,-9.65,1.04,-2.61,-9.20,-1.29,2.13,-9.42,1.22,-2.80,-9.66,-0.42,2.45,-9.92,1.35
0,-2.67,-9.73,-0.49,2.02,-9.80,1.00,-2.37,-9.36,-1.53,1.87,-8.70,1.49,-2.57,-8.94,-0.60,2.17,-9.14,1.30
0,-2.83,-9.73,-0.47,2.22,-9.66,1.30,-2.52,-9.09,-1.95,1.44,-8.00,2.10,-2.27,-8.77,-1.10,1.92,-9.17,1.13
0,-2.66,-9.73,-0.31,1.82,-9.82,1.53,-2.27,-9.53,-2.03,0.89,-8.25,2.28,-1.69,-9.06,-1.28,1.36,-9.15,1.44
0,-2.61,-9.68,-0.50,1.70,-9.67,1.74,-2.04,-9.57,-2.34,0.50,-8.86,2.50,-1.47,-9.23,-1.41,1.08,-9.06,1.65
0,-2.14,-9.25,-0.98,1.23,-9.71,1.88,-1.54,-9.50,-2.76,0.36,-9.16,3.05,-1.22,-9.26,-2.19,0.91,-9.28,2.64
0,-1.59,-8.89,-1.54,0.51,-9.29,3.07,-1.07,-9.35,-3.68,-0.41,-9.25,3.87,-0.40,-9.05,-2.52,0.40,-9.22,2.77
0,-1.49,-9.01,-2.25,0.49,-9.69,3.00,-0.93,-9.48,-4.06,-0.27,-8.96,4.49,-0.18,-9.33,-3.15,0.60,-9.01,3.86
0,-1.20,-8.91,-2.68,0.28,-9.23,3.89,-0.73,-9.35,-4.39,-1.07,-9.19,4.51,0.14,-9.44,-3.41,-0.16,-9.20,3.17
0,-1.08,-8.36,-2.47,0.43,-8.49,5.22,-0.52,-9.42,-4.51,-0.63,-8.99,4.99,1.09,-9.29,-4.48,-1.31,-8.59,3.72
0,-1.14,-8.62,-3.31,0.53,-8.67,3.90,-0.28,-9.73,-5.11,-1.80,-9.62,3.88,0.55,-8.99,-4.64,-1.11,-7.80,4.70
0,-0.92,-9.25,-3.61,-0.00,-9.46,4.52,-0.50,-9.73,-6.27,-1.84,-8.09,5.90,0.92,-8.40,-5.15,-1.48,-9.40,5.23
0,-1.21,-8.43,-3.46,-0.77,-9.65,4.26,0.67,-9.26,-5.36,-0.42,-3.73,7.93,0.68,-6.55,-6.51,-1.34,-5.39,2.14
0,0.15,-9.15,-4.94,0.14,-8.73,4.46,0.84,-9.62,-5.26,-0.87,-4.87,7.72,0.57,-5.60,-3.00,-1.42,-6.43,4.77
0,-0.57,-9.75,-4.50,-0.38,-9.57,4.99,0.03,-10.06,-5.25,-1.15,-5.90,5.98,0.14,-5.89,-3.46,-0.40,-6.82,4.68
0,-0.60,-9.64,-4.67,-0.46,-10.00,4.70,0.37,-10.34,-5.65,-1.73,-6.53,5.74,0.62,-6.23,-4.49,-0.72,-5.04,6.18
0,-0.57,-9.04,-5.06,-0.62,-8.53,6.43,0.32,-9.98,-6.12,-2.05,-6.34,6.38,0.97,-6.97,-5.98,-1.25,-5.04,5.40
0,0.08,-8.29,-6.04,-1.23,-8.80,5.58,1.06,-9.19,-6.31,-2.06,-6.40,6.67,1.00,-6.78,-5.63,-1.03,-5.45,6.23
0,0.49,-7.48,-5.96,-1.70,-8.18,5.89,1.44,-9.46,-5.77,-2.05,-7.09,6.33,1.13,-6.52,-4.77,-1.13,-4.78,6.56
0,1.31,-6.96,-6.21,-2.17,-8.30,5.55,1.92,-9.19,-5.53,-1.77,-7.18,5.78,0.91,-5.89,-4.42,-0.91,-4.97,5.90
0,1.55,-7.41,-6.27,-2.14,-7.89,6.13,2.13,-9.64,-5.12,-1.02,-7.32,5.39,0.48,-7.33,-6.46,-0.57,-4.83,6.81
0,1.53,-8.40,-6.32,-1.93,-9.07,5.48,2.03,-10.08,-4.98,-1.13,-6.86,5.31,0.50,-7.32,-6.45,-0.82,-4.64,6.11
0,1.78,-8.53,-6.25,-2.32,-8.91,5.69,2.18,-9.71,-4.96,-1.08,-6.16,4.78,0.36,-6.79,-6.10,-0.32,-4.52,6.73
0,2.07,-7.98,-6.41,-2.43,-8.36,5.95,2.42,-9.63,-5.08,-0.50,-6.40,5.24,-0.04,-5.70,-6.14,0.11,-4.52,6.73
0,2.61,-8.13,-6.90,-2.17,-8.49,6.33,1.47,-9.90,-5.76,-0.57,-5.74,6.28,0.14,-5.62,-5.79,-0.06,-4.25,6.61
0,1.48,-7.67,-6.19,-1.70,-8.07,5.92,1.35,-9.04,-5.22,-0.31,-6.00,5.93,-0.23,-6.00,-5.37,0.33,-4.85,6.37
0,1.09,-8.17,-6.16,-1.24,-8.48,5.58,1.24,-9.08,-5.00,0.23,-6.34,4.87,-0.61,-6.27,-5.35,0.59,-4.76,6.56
0,0.90,-8.30,-6.00,-1.23,-8.09,5.77,1.05,-8.57,-5.20,0.39,-5.87,4.99,-0.77,-6.43,-5.09,0.74,-5.68,5.94
0,0.62,-8.49,-5.53,-1.09,-8.35,5.03,0.83,-8.26,-5.11,0.23,-5.77,4.70,-0.59,-6.28,-4.48,0.48,-5.59,5.66
0,1.13,-7.97,-5.43,-1.38,-7.56,5.11,1.30,-7.57,-4.74,0.20,-5.95,4.13,-0.57,-6.15,-3.82,0.41,-6.08,5.32
0,1.34,-7.60,-4.98,-1.51,-7.37,4.72,1.37,-7.23,-4.24,0.18,-6.74,3.46,-0.37,-7.36,-4.25,0.35,-6.93,4.88
0,1.10,-7.82,-4.47,-1.46,-7.70,4.25,1.03,-7.39,-3.93,-0.05,-7.40,3.35,-0.49,-8.07,-3.88,0.29,-7.67,4.92
0,1.04,-8.34,-4.19,-1.23,-8.43,3.78,1.13,-7.95,-3.51,0.09,-7.79,3.34,-0.64,-8.54,-3.68,0.32,-8.37,4.31
0,0.64,-8.37,-3.82,-1.10,-8.39,3.85,0.80,-8.05,-3.43,-0.11,-8.26,3.25,-0.42,-8.19,-3.30,0.11,-8.25,4.19
0,0.23,-8.00,-3.21,-0.70,-8.46,3.51,0.36,-8.68,-3.28,-0.34,-8.77,3.13,-0.23,-8.51,-2.62,-0.26,-8.16,3.58
0,0.22,-8.34,-2.72,-0.72,-8.87,2.85,0.33,-9.15,-2.83,-0.41,-9.22,2.85,-0.11,-9.05,-2.26,-0.23,-8.86,2.91
0,0.21,-8.58,-2.37,-0.82,-9.08,2.35,0.36,-8.88,-2.29,-0.09,-9.46,2.37,-0.47,-9.59,-2.10,0.18,-9.64,2.92
0,-0.11,-8.83,-1.80,-0.48,-9.16,1.76,-0.00,-8.54,-1.88,-0.32,-9.81,2.01,-0.15,-9.90,-1.36,-0.02,-10.03,2.47
0,-0.39,-8.72,-1.07,-0.14,-8.94,1.32,-0.34,-8.37,-0.98,0.48,-9.77,1.00,-1.12,-10.08,-0.63,0.96,-10.46,2.15
0,-0.56,-8.74,-0.83,0.35,-9.16,0.76,-0.69,-8.71,-0.25,1.46,-10.62,0.70,-1.98,-10.32,-0.27,1.85,-10.37,2.13
0,-0.99,-8.66,-0.86,0.65,-9.42,0.52,-1.01,-9.25,-0.20,1.73,-10.54,0.78,-2.30,-9.92,-0.37,1.93,-9.86,2.14
0,-1.24,-8.41,-0.72,0.88,-9.22,0.86,-1.25,-9.00,-0.33,1.70,-10.41,0.84,-2.28,-10.18,-0.72,1.86,-9.97,1.89
0,-1.62,-8.53,-0.38,1.19,-9.31,0.54,-1.59,-9.29,-0.18,1.61,-10.47,0.86,-2.22,-10.32,-0.56,1.86,-10.04,1.49
0,-1.96,-8.85,0.10,1.39,-9.34,0.10,-2.04,-9.50,-0.08,1.81,-10.53,0.45,-2.43,-9.88,-0.11,2.01,-9.64,1.31
0,-2.46,-8.78,0.34,2.06,-9.53,-0.26,-2.38,-9.32,0.25,2.05,-9.98,0.23,-2.75,-9.75,0.33,2.43,-9.83,0.86
0,-2.76,-8.94,0.71,2.24,-9.12,-0.20,-2.62,-8.79,0.55,2.40,-9.50,-0.01,-3.06,-9.67,0.43,2.77,-10.20,0.86
0,-2.59,-8.83,0.69,2.03,-8.79,-0.39,-2.33,-8.15,0.99,2.66,-9.34,-0.41,-3.24,-9.51,0.52,2.94,-9.99,0.74
0,-2.45,-8.27,0.81,2.05,-8.42,-1.02,-2.36,-7.70,1.13,2.73,-8.94,-0.74,-3.28,-9.05,0.76,3.02,-9.60,0.36
0,-2.70,-8.05,0.91,2.33,-8.33,-0.95,-2.70,-7.79,1.13,2.79,-9.06,-0.65,-3.40,-9.07,0.89,2.99,-9.64,0.44
0,-3.41,-8.45,1.43,2.92,-8.86,-1.09,-3.48,-8.28,1.08,2.51,-9.43,-0.47,-3.19,-9.47,1.18,2.70,-10.12,-0.19
0,-3.92,-8.42,1.85,3.30,-8.77,-1.29,-3.82,-8.15,1.16,2.13,-9.45,-0.41,-2.84,-9.54,1.36,2.25,-9.97,-0.61
0,-3.86,-8.01,2.65,3.16,-8.65,-2.18,-3.71,-7.94,1.66,2.09,-9.41,-1.30,-2.85,-9.45,2.19,2.39,-10.46,-1.25
0,-4.01,-8.07,3.03,3.39,-8.33,-2.28,-3.86,-7.44,2.09,2.45,-9.40,-1.41,-3.13,-9.70,2.08,2.56,-10.94,-1.03
0,-4.08,-8.16,3.13,3.42,-8.42,-2.37,-3.82,-7.14,2.23,2.62,-9.38,-1.40,-3.17,-10.03,2.17,2.75,-10.89,-1.29
0,-3.32,-8.29,3.09,2.95,-8.79,-2.74,-3.73,-8.06,2.14,2.08,-9.34,-1.19,-2.64,-9.14,2.29,2.03,-9.73,-1.70
0,-4.49,-8.35,3.17,3.70,-8.90,-2.55,-3.85,-7.94,2.12,2.07,-8.88,-1.02,-3.00,-9.23,1.96,2.18,-9.98,-1.56
0,-4.59,-8.36,2.70,4.02,-8.37,-1.58,-4.26,-8.20,1.51,2.54,-9.24,-0.76,-3.11,-9.46,1.74,2.70,-10.47,-1.11
0,-3.74,-8.64,2.52,3.08,-9.10,-2.32,-3.55,-8.52,1.83,2.49,-9.55,-0.99,-3.39,-9.62,1.84,2.27,-10.56,-1.36
0,-2.77,-7.86,3.50,1.74,-8.94,-2.68,-2.65,-8.73,2.99,1.91,-9.72,-1.93,-3.30,-9.17,2.41,2.59,-9.73,-1.22
0,-3.12,-8.41,3.03,2.47,-8.55,-3.07,-3.02,-8.07,2.69,2.08,-8.03,-2.18,-2.74,-8.37,2.42,2.29,-9.13,-1.84
0,-3.36,-8.76,2.61,2.98,-8.77,-2.13,-3.48,-8.23,1.79,1.97,-7.94,-1.23,-2.92,-8.61,1.29,2.07,-8.93,-0.18
0,-3.49,-8.95,2.64,2.90,-9.99,-2.41,-3.52,-9.51,1.77,1.99,-9.43,-0.79,-2.65,-9.61,1.68,2.08,-10.33,-1.08
0,-3.27,-9.51,2.26,2.77,-10.44,-1.16,-3.15,-10.03,1.21,1.67,-9.24,-0.50,-2.26,-9.35,1.29,1.71,-9.16,-0.30
0,-3.03,-9.34,2.15,2.42,-9.50,-0.92,-2.90,-9.76,1.07,1.23,-8.67,-0.05,-1.81,-8.88,1.21,1.48,-9.09,-0.44
0,-3.25,-8.99,1.84,2.08,-9.39,-1.56,-2.30,-9.27,1.16,0.75,-9.16,-0.12,-1.49,-9.41,1.33,1.13,-9.26,-0.23
0,-1.68,-9.13,1.86,1.29,-9.67,-1.24,-1.44,-10.07,1.59,0.53,-9.62,-0.35,-1.36,-9.69,1.02,1.05,-8.96,-0.62
0,-2.22,-8.71,2.05,1.44,-9.30,-1.72,-1.81,-9.52,1.63,0.99,-10.01,-0.78,-1.67,-9.73,1.11,1.27,-9.66,-0.06
0,-1.36,-8.41,2.04,1.17,-9.14,-1.18,-1.15,-9.58,1.65,0.95,-10.71,-1.16,-1.53,-10.18,1.03,0.95,-9.76,-0.05
0,-0.46,-8.30,1.21,0.74,-9.62,-1.85,-1.24,-9.69,1.36,0.02,-11.37,-1.23,-0.97,-9.75,1.06,0.58,-9.66,0.29
0,-0.84,-8.20,1.21,0.45,-9.08,-0.34,-0.94,-10.03,0.82,-0.41,-11.31,0.24,-0.26,-10.33,0.70,0.04,-10.14,-0.35
0,-1.02,-7.80,1.81,0.44,-9.42,-1.47,-1.06,-9.96,1.26,0.15,-12.11,-0.30,-0.87,-10.86,1.14,0.53,-10.58,0.01
0,-0.74,-8.44,1.37,0.22,-9.90,-1.45,-0.66,-10.68,1.70,0.86,-12.51,-0.58,-1.29,-11.56,0.91,0.97,-10.79,0.81
0,-0.46,-8.74,1.33,0.14,-10.28,-1.50,-0.56,-10.51,1.91,0.83,-12.45,-0.86,-1.36,-11.51,0.95,0.99,-11.15,0.08
0,-0.65,-8.85,0.98,0.15,-10.23,-1.03,-0.53,-10.71,1.22,0.44,-11.56,-0.30,-0.68,-10.50,0.22,0.42,-9.99,0.92
0,-0.29,-9.33,0.37,-0.16,-10.66,0.14,-1.20,-11.11,0.80,-1.15,-11.48,-0.68,-0.04,-10.59,0.14,-0.32,-9.96,2.28
0,-0.65,-10.35,-0.01,-0.27,-10.67,0.03,-0.16,-11.11,0.54,-0.25,-9.07,0.20,-0.79,-9.56,0.05,0.38,-9.96,0.94
0,-1.17,-10.94,0.23,0.56,-10.42,0.86,-1.08,-11.01,-0.35,0.07,-9.80,0.87,-0.90,-9.84,-0.74,0.35,-10.66,2.09
0,-0.20,-11.31,-0.11,0.26,-11.85,-0.63,-1.41,-10.55,-0.11,-0.04,-8.53,0.15,-1.22,-9.70,-0.47,0.31,-9.00,2.17
0,-0.89,-11.55,-0.44,0.44,-10.94,1.26,-0.86,-10.59,-0.89,-0.14,-9.42,2.08,-0.31,-10.02,-1.93,0.16,-10.13,2.07
0,-1.53,-11.56,-0.04,0.58,-12.29,0.06,-1.30,-11.30,-1.12,-0.11,-9.17,1.53,-0.71,-9.45,-1.13,0.23,-9.18,2.66
0,-1.34,-11.84,-0.88,0.63,-10.69,2.60,-1.14,-11.65,-1.35,0.02,-8.84,2.22,-0.87,-9.28,-1.50,0.29,-8.43,3.06
0,-0.95,-11.09,-0.73,0.41,-11.70,0.34,-0.94,-11.58,-0.99,0.26,-9.45,1.81,-0.97,-9.60,-0.99,0.58,-9.99,1.83
0,-0.84,-11.59,-0.40,0.09,-12.10,0.70,-0.76,-11.70,-0.30,1.01,-10.03,1.26,-1.41,-9.98,-0.65,1.11,-9.57,3.37
0,-0.60,-11.29,-0.61,0.11,-11.10,1.46,-0.76,-11.92,-0.19,1.01,-10.33,1.27,-1.57,-10.88,-1.42,0.98,-10.43,2.15
0,-0.37,-11.11,-0.60,0.07,-11.92,0.23,-0.36,-11.72,-0.05,0.66,-10.77,1.65,-1.27,-11.20,-0.72,0.88,-11.36,1.81
0,-0.62,-11.48,-0.35,0.17,-12.33,0.85,-0.74,-12.10,0.09,0.91,-10.94,1.57,-1.28,-11.30,-1.05,0.94,-10.39,3.48
0,-0.96,-12.09,-0.67,0.44,-11.41,0.08,-0.91,-12.16,-0.06,1.33,-11.23,0.92,-1.58,-11.17,-1.31,1.19,-12.33,1.41
0,-1.13,-11.33,-0.60,0.28,-11.77,1.65,-0.98,-11.18,-0.49,0.71,-11.07,1.03,-1.04,-10.69,-1.00,0.46,-10.43,2.92
0,-1.01,-11.22,-0.53,0.26,-11.33,0.86,-0.86,-10.78,-0.53,0.29,-10.01,1.65,-0.91,-10.47,-1.01,0.22,-10.34,2.42
0,-0.97,-10.67,-0.51,0.75,-10.71,1.57,-1.27,-10.60,-1.26,-0.42,-10.01,2.42,-0.65,-10.52,-1.40,-0.17,-10.11,2.76
0,-2.34,-9.46,0.34,1.40,-10.96,-0.73,-1.25,-10.16,-1.72,-0.08,-9.54,2.86,-1.24,-10.06,-1.62,0.84,-10.96,2.25
0,-0.75,-9.67,-1.26,0.79,-9.54,1.95,-1.00,-9.54,-0.13,0.96,-9.07,0.89,-1.64,-9.95,-0.80,1.15,-9.18,1.85
0,-0.79,-9.08,-0.37,0.75,-9.40,-0.48,-0.78,-8.87,0.01,1.13,-9.29,0.09,-1.65,-8.76,-0.61,1.19,-10.13,1.65
0,-1.19,-9.79,-0.78,0.03,-8.35,1.35,-1.16,-8.57,-0.13,0.75,-7.35,2.60,-1.16,-8.87,-1.05,0.47,-9.98,0.54
0,-1.25,-8.64,-0.05,0.68,-8.83,-0.29,-1.03,-8.18,-0.19,0.43,-9.19,0.11,-1.35,-8.51,-0.30,1.12,-8.26,2.24
0,-0.54,-7.96,-0.56,0.21,-7.19,0.96,-0.78,-7.72,0.00,0.60,-9.02,0.20,-1.01,-8.05,-0.59,1.44,-8.68,0.79
0,-0.41,-7.10,-0.10,0.44,-7.51,-0.49,-0.21,-6.86,0.59,1.70,-6.01,1.97,-1.84,-7.40,-0.56,0.30,-8.69,-0.19
0,-0.36,-7.22,0.13,-0.23,-7.24,-0.23,-0.32,-7.07,0.27,0.62,-7.54,1.14,-0.65,-7.95,0.11,0.89,-5.05,5.06
0,-0.38,-6.57,0.45,-0.35,-8.10,-0.95,-0.20,-7.77,-0.11,-0.51,-8.65,-0.20,0.09,-7.77,0.23,-0.45,-6.89,-0.85
0,0.24,-5.95,0.91,-0.62,-6.95,-0.43,0.10,-7.09,0.50,-0.53,-8.46,-0.40,-0.07,-7.87,0.24,-0.40,-7.61,-0.07
0,0.06,-6.21,0.66,-0.53,-7.49,0.12,0.21,-7.05,0.63,-0.25,-8.22,-0.13,0.02,-7.95,0.16,0.03,-7.82,0.56
0,-0.03,-6.00,0.63,-0.30,-6.96,-0.36,-0.11,-7.20,0.65,-0.13,-8.16,0.47,-0.40,-7.85,0.17,0.08,-7.04,1.70
0,0.78,-6.18,0.25,-0.63,-6.43,0.04,0.31,-6.94,0.76,0.24,-7.84,-0.14,-0.62,-7.48,0.22,0.15,-7.84,0.06
0,-0.34,-6.69,0.08,-0.06,-7.02,-0.85,-0.28,-7.65,0.33,0.03,-7.98,0.65,-1.18,-7.47,-0.52,0.05,-7.27,1.68
0,-0.77,-6.38,0.06,-0.26,-7.10,-0.32,-0.68,-7.04,0.10,-0.21,-7.86,0.63,-0.68,-7.39,-0.26,0.11,-6.94,0.96
0,-0.68,-5.46,0.04,0.15,-6.79,0.14,-0.49,-7.45,-0.21,0.04,-7.95,0.73,-0.58,-7.02,-0.35,0.45,-5.87,1.63
0,-0.81,-6.42,-0.43,0.43,-7.82,0.51,-0.93,-8.30,0.03,1.10,-8.20,0.83,-1.62,-7.39,-0.46,1.39,-6.76,1.55
0,-0.76,-6.57,-0.34,0.38,-7.36,0.38,-0.78,-7.97,0.10,0.63,-7.96,0.66,-1.08,-7.44,-0.26,0.72,-6.91,1.59
0,-0.91,-7.28,-0.19,0.43,-7.88,0.15,-0.88,-8.02,-0.14,-0.10,-7.62,1.02,-0.54,-7.66,-0.52,0.28,-7.42,1.12
0,-1.52,-8.09,0.13,0.90,-8.40,0.39,-1.39,-8.31,-0.32,0.33,-7.90,1.30,-1.00,-8.29,-0.75,0.68,-8.32,1.60
0,-1.50,-8.80,0.15,0.89,-8.91,0.18,-1.34,-8.33,-0.11,0.49,-8.21,0.67,-1.13,-8.73,-0.27,0.77,-9.21,1.14
0,-1.22,-9.23,0.28,0.71,-9.03,-0.08,-1.16,-8.27,0.18,0.61,-7.76,0.65,-1.21,-8.38,-0.28,0.89,-9.05,1.59
0,-1.65,-9.35,0.00,0.95,-9.10,0.48,-1.38,-8.23,-0.45,0.42,-8.24,1.32,-1.01,-9.19,-0.79,0.49,-9.94,1.78
0,-1.42,-9.46,0.27,0.93,-9.17,0.12,-1.44,-8.46,-0.31,0.35,-8.57,1.18,-1.03,-9.08,-0.57,0.45,-9.35,1.62
0,-1.66,-9.84,-0.44,0.98,-9.64,0.92,-1.44,-9.26,-0.96,0.38,-8.43,1.32,-0.97,-8.67,-1.26,0.80,-8.83,2.49
0,-1.94,-9.81,-1.01,1.52,-9.62,0.89,-1.79,-9.08,-1.18,1.39,-7.97,1.99,-1.86,-8.66,-1.49,1.41,-9.00,2.92
0,-1.73,-10.37,-0.68,1.76,-10.34,1.26,-1.72,-10.09,-0.91,1.45,-8.91,1.89,-1.84,-9.26,-1.36,1.44,-9.02,2.72
0,-2.04,-10.96,-0.74,1.57,-10.87,1.09,-2.23,-10.69,-0.90,1.60,-9.02,1.93,-2.02,-9.74,-1.25,1.52,-9.70,2.35
0,-3.06,-11.24,-0.52,1.56,-11.28,0.82,-3.06,-11.66,-1.10,1.23,-9.07,2.71,-1.19,-10.31,-1.84,1.54,-9.78,2.80
0,-1.69,-9.85,1.84,1.26,-12.53,0.96,-2.83,-10.71,-0.32,0.70,-7.22,4.61,-1.43,-10.98,-1.10,1.44,-11.24,2.08
0,-1.67,-11.82,0.13,1.47,-12.21,-0.40,-1.40,-11.33,0.28,1.04,-10.64,1.71,-1.79,-11.04,-1.22,3.06,-10.39,3.09
0,-1.76,-11.24,-0.21,1.06,-11.07,1.24,-1.61,-11.36,-0.57,1.09,-11.08,0.82,-1.64,-10.41,-1.14,1.23,-11.07,3.86
0,-1.57,-11.65,-0.59,0.93,-11.51,0.80,-1.65,-10.91,-0.47,0.95,-10.45,1.21,-1.76,-10.54,-0.26,1.19,-10.46,1.12
0,-1.52,-12.27,0.16,0.90,-12.60,-0.62,-1.29,-11.80,0.23,0.88,-10.98,0.20,-1.48,-10.93,0.41,1.02,-11.29,2.50
0,-1.24,-12.27,0.78,0.79,-11.95,0.20,-1.27,-11.84,0.65,0.38,-11.20,0.20,-1.02,-11.23,0.75,0.68,-11.80,0.96
0,-1.11,-11.53,0.78,0.37,-11.58,-0.73,-0.82,-10.80,0.83,0.36,-11.50,0.07,-0.98,-11.27,0.48,0.58,-12.09,1.19
0,-0.98,-10.30,0.96,0.23,-10.99,-0.81,-0.73,-10.45,0.94,-0.30,-11.20,0.12,-0.42,-10.99,0.68,-0.06,-11.10,1.24
0,-0.44,-9.25,1.51,-0.23,-9.61,-0.95,-0.16,-9.63,1.47,-0.79,-11.63,-0.55,0.11,-11.05,1.08,-0.52,-11.44,-0.11
0,-0.16,-8.49,1.80,-0.55,-9.31,-1.24,0.00,-9.36,1.47,-1.17,-11.30,-0.36,0.51,-10.82,0.93,-0.94,-10.46,0.41
0,0.09,-8.34,1.38,-0.77,-9.32,-1.04,0.30,-9.67,1.06,-1.03,-11.00,-0.17,0.33,-10.20,0.68,-0.65,-9.93,0.41
0,0.45,-8.48,0.97,-0.73,-9.74,-1.20,0.40,-10.21,1.10,-0.74,-10.74,0.07,0.14,-9.96,0.91,-0.44,-9.80,0.60
0,0.45,-8.43,1.33,-0.91,-9.19,-0.97,0.36,-9.42,1.51,-0.88,-10.85,-0.37,0.43,-10.01,1.14,-0.66,-10.03,0.32
0,0.34,-8.10,1.66,-0.86,-9.28,-1.33,0.39,-10.09,1.31,-0.75,-10.90,-0.35,0.25,-10.42,0.84,-0.48,-9.51,0.39
0,0.90,-9.02,0.79,-0.79,-9.58,-0.65,0.47,-9.91,1.41,-0.23,-10.74,-0.59,-0.12,-10.31,0.15,-0.05,-10.01,1.00
0,0.57,-9.31,1.01,-1.14,-10.08,-1.28,0.50,-9.86,1.38,-0.79,-10.83,-1.24,0.31,-10.14,0.90,-0.76,-9.87,0.23
0,0.85,-8.79,1.54,-1.54,-9.37,-1.08,1.20,-9.70,1.59,-1.29,-10.61,-0.79,0.56,-10.09,0.48,-1.04,-9.87,0.49
0,0.23,-8.88,1.21,-0.80,-9.91,-1.01,0.35,-10.24,0.73,-1.16,-9.95,-0.12,0.65,-9.39,-0.18,-1.01,-8.91,1.12
0,0.31,-10.14,0.58,-1.03,-10.37,0.03,0.32,-10.81,0.20,-1.12,-8.98,1.40,0.46,-9.38,0.00,-0.92,-9.04,1.27
0,0.62,-9.90,0.32,-0.92,-10.01,-0.26,0.28,-9.72,0.25,-0.81,-8.52,0.44,0.34,-8.79,0.11,-0.81,-9.24,0.86
0,0.31,-9.30,0.69,-0.92,-9.40,-0.33,0.43,-9.04,0.58,-0.85,-8.79,0.28,0.27,-8.62,-0.08,-0.39,-9.38,1.21
0,0.24,-9.26,1.02,-0.79,-9.78,-0.88,0.39,-9.34,0.89,-1.16,-8.65,0.29,0.62,-9.14,0.19,-0.95,-9.16,0.91
0,0.30,-9.24,0.98,-0.75,-9.39,-0.66,0.08,-9.11,0.38,-1.10,-8.56,0.42,0.55,-9.06,0.10,-0.82,-9.30,1.24
0,0.41,-9.57,0.48,-0.63,-9.55,-0.19,0.10,-8.94,0.36,-0.72,-8.48,0.72,0.18,-9.15,-0.06,-0.49,-9.42,1.10
0,0.21,-9.11,0.53,-0.74,-9.18,-0.29,0.19,-8.76,0.36,-0.86,-8.61,0.52,0.31,-9.03,-0.11,-0.65,-9.31,1.27
0,0.38,-8.72,0.63,-0.79,-8.93,-0.35,0.30,-8.57,0.67,-0.71,-9.09,-0.01,0.23,-9.23,0.20,-0.63,-9.28,1.00
0,0.48,-8.95,0.70,-1.00,-9.40,-0.62,0.51,-9.21,0.68,-0.98,-9.45,0.20,0.45,-9.47,-0.06,-0.76,-9.27,1.05
0,0.32,-9.00,0.50,-0.90,-9.74,-0.10,0.34,-10.15,0.29,-1.11,-10.17,0.82,0.51,-9.83,-0.22,-0.98,-9.43,1.35
0,0.34,-9.17,0.55,-0.91,-9.93,-0.22,0.33,-10.03,0.53,-1.04,-10.45,0.54,0.45,-9.92,0.13,-0.60,-9.85,1.13
0,0.55,-8.88,0.84,-1.00,-9.89,-0.69,0.48,-9.90,0.73,-1.15,-10.83,0.40,0.50,-10.18,0.15,-0.95,-9.88,1.09
0,0.30,-8.89,0.77,-0.81,-9.75,-0.51,0.30,-10.01,0.64,-1.12,-10.96,0.23,0.51,-10.59,0.31,-0.94,-10.18,0.99
0,0.70,-9.49,1.24,-1.20,-10.37,-0.84,0.65,-10.83,0.99,-1.28,-11.12,0.22,0.68,-10.86,0.21,-1.02,-10.44,0.83
0,0.38,-9.20,1.13,-0.96,-9.88,-0.79,0.35,-9.75,0.70,-1.44,-10.51,0.58,0.81,-10.32,0.19,-1.14,-10.32,0.86
0,-0.06,-8.85,0.97,-0.68,-9.36,-0.54,0.03,-9.14,0.40,-0.94,-9.62,0.65,0.20,-9.94,0.08,-0.70,-10.20,1.23
0,0.66,-9.43,0.33,-1.21,-9.17,0.12,0.81,-9.15,0.56,-0.63,-10.88,-0.65,0.21,-9.84,-0.13,-0.23,-9.84,1.42
0,0.23,-9.22,0.94,-0.84,-11.03,-0.60,0.34,-12.01,0.55,-0.71,-11.29,0.44,0.21,-10.69,-0.45,-0.57,-9.47,2.62
0,0.80,-10.75,-0.13,-1.27,-11.17,0.15,0.56,-11.25,0.37,-1.09,-9.72,0.08,0.66,-10.26,-0.44,-0.89,-10.17,0.80
0,0.02,-9.51,0.36,-0.54,-10.02,0.13,-0.05,-9.15,0.13,-0.91,-9.31,0.45,0.29,-9.80,-0.23,-0.63,-9.73,1.63
0,0.12,-10.08,0.44,-0.64,-10.23,0.45,0.33,-11.12,0.14,-1.08,-9.70,1.13,0.52,-10.06,-0.73,-0.76,-9.39,1.77
0,0.61,-11.15,0.01,-1.02,-11.97,-0.34,0.47,-11.81,0.18,-0.91,-10.23,1.11,0.33,-10.07,-0.63,-0.70,-9.54,1.73
0,0.19,-10.07,0.33,-0.79,-9.98,0.27,0.24,-9.73,0.42,-0.68,-9.33,0.58,0.10,-9.50,-0.04,-0.39,-9.61,1.31
0,0.05,-8.98,0.42,-0.55,-8.94,-0.23,0.05,-8.56,0.39,-0.38,-9.00,0.41,-0.22,-9.13,0.13,-0.16,-9.60,1.40
0,-0.05,-9.24,0.11,-0.57,-9.16,0.36,0.10,-9.23,-0.13,-0.33,-9.86,0.38,-0.23,-9.37,-0.02,-0.28,-9.78,1.34
0,-0.02,-9.64,0.38,-0.62,-9.91,-0.65,0.06,-9.25,0.50,-0.52,-9.18,0.27,-0.07,-9.73,0.00,-0.35,-10.30,1.00
0,-0.48,-9.79,0.72,-0.15,-10.13,-0.14,-0.43,-10.21,0.25,-0.63,-9.73,0.94,0.05,-9.97,-0.26,-0.54,-9.26,1.85
0,0.28,-10.23,0.37,-0.81,-10.63,-0.13,0.29,-10.54,0.40,-0.65,-9.88,0.65,0.02,-9.63,-0.31,-0.19,-10.18,1.04
0,-0.09,-9.30,0.53,-0.42,-9.85,-0.53,-0.08,-9.46,0.68,-0.05,-9.61,0.25,-0.55,-9.77,0.33,0.30,-9.67,1.59
0,-0.34,-9.51,0.67,-0.02,-9.89,-0.45,-0.34,-9.94,0.84,0.28,-9.64,0.23,-0.79,-9.90,-0.09,0.48,-9.70,1.32
0,-0.42,-10.40,-0.14,-0.07,-10.20,0.01,-0.58,-9.94,-0.23,-0.29,-8.85,1.51,-0.12,-9.34,-0.78,-0.40,-9.05,1.36
0,-0.50,-9.31,0.30,-0.09,-9.32,-0.03,-0.50,-9.15,-0.21,-0.69,-8.77,0.95,0.03,-9.18,-0.38,-0.40,-9.56,0.88
0,-0.20,-9.68,0.24,-0.37,-9.57,-0.25,-0.27,-9.05,0.41,-0.33,-8.59,0.65,-0.30,-9.19,-0.26,-0.14,-9.24,1.34
0,-0.48,-9.42,0.65,-0.04,-9.47,-0.11,-0.59,-9.02,0.29,-0.18,-9.16,0.57,-0.41,-9.53,-0.08,-0.06,-9.72,1.23
0,-0.49,-9.36,0.50,-0.09,-9.56,-0.05,-0.53,-9.27,0.11,-0.53,-9.18,0.89,-0.19,-9.24,-0.41,-0.25,-9.27,1.80
0,-0.36,-9.09,0.55,-0.24,-9.83,-0.05,-0.34,-10.04,-0.11,-0.68,-9.32,0.90,0.09,-9.20,-0.34,-0.61,-8.99,1.33
0,-0.14,-9.12,0.34,-0.56,-9.89,-0.12,-0.03,-9.87,0.07,-0.73,-9.50,0.89,0.11,-9.74,-0.23,-0.45,-10.15,1.27
0,-0.68,-10.53,1.05,0.01,-9.64,-0.52,-0.50,-9.23,0.57,-0.70,-8.44,0.68,0.49,-9.53,0.22,-0.89,-9.94,-1.13
0,-0.88,-18.29,-3.10,0.45,-8.93,-2.55,-0.15,-9.85,-0.20,-0.01,5.61,12.43,-0.06,-7.97,-4.78,-0.51,-12.96,-4.98
0,0.60,-7.53,0.80,-0.98,-9.33,-3.27,0.12,-8.84,0.05,-0.71,-6.88,3.16,-0.09,-10.45,-3.18,-0.38,-6.88,5.32
0,-0.21,-11.19,-1.25,-1.44,-14.52,-1.77,1.73,-15.95,0.07,-0.58,-8.37,5.78,0.11,-12.36,-3.05,-0.01,-12.38,-0.37
0,-1.76,-10.63,1.07,-0.29,-7.88,2.22,-0.39,-10.00,0.47,-0.88,-7.92,1.75,0.08,-10.86,-2.08,-0.85,-9.42,1.31
0,0.38,-7.81,0.30,-0.94,-11.77,-4.12,0.09,-8.92,0.24,-1.02,-10.17,1.25,0.37,-10.48,-1.03,-0.55,-8.86,2.07
0,-2.44,-22.82,-3.74,0.15,-19.68,6.22,1.41,-12.22,-1.82,-1.33,-9.14,-1.36,0.60,-6.02,-1.53,-0.99,-4.29,0.36
0,-0.15,-10.97,-1.08,-0.31,-7.79,4.38,0.67,-12.15,-1.74,-0.67,-1.91,1.35,-0.45,-3.93,-2.68,0.38,-4.66,1.12
0,-0.37,-12.57,-5.73,-4.69,-17.63,-6.10,1.65,-17.69,4.45,1.47,-9.65,3.91,-1.89,-29.90,-6.87,-3.56,-24.38,-11.02
0,2.99,10.86,10.16,-1.46,-1.15,-4.87,0.06,3.73,3.70,-1.90,-1.56,6.97,-0.87,-9.17,-14.25,-0.07,-1.73,2.72
0,1.70,-7.03,1.97,-1.01,-10.44,4.60,-1.69,-14.60,-1.66,1.13,-12.53,3.17,-1.86,-17.46,-4.74,-0.33,-14.06,-0.32
0,-0.39,-11.19,-0.79,-0.98,-13.54,-5.33,-0.12,-8.92,0.83,-0.37,-5.22,7.79,0.39,-5.38,0.15,-1.48,-1.93,4.91
0,0.36,-10.86,0.05,-0.48,-14.07,-1.16,-0.36,-12.70,-1.19,0.37,-13.24,-1.89,-0.06,-12.19,7.46,-0.18,-12.57,-0.62
0,-0.11,-4.98,2.04,0.25,-4.39,2.52,-0.59,-6.88,0.81,-0.45,-10.07,-0.04,-0.49,-12.54,5.06,-0.16,-13.96,-1.01
0,-1.05,-11.56,-0.08,0.18,-8.75,-3.44,-1.13,-9.07,0.27,-0.40,-8.71,0.92,-0.06,-10.57,-3.51,-0.38,-5.80,2.76
0,-0.26,-10.45,-0.26,-0.59,-11.46,-0.34,0.20,-12.95,-0.93,-0.64,-8.15,2.49,-0.34,-12.63,-3.68,-0.05,-11.97,-1.05
0,0.21,-8.61,0.94,-0.40,-11.39,-2.44,-0.19,-8.15,0.23,-0.36,-8.62,0.81,-0.38,-10.34,-1.85,-0.24,-8.45,2.21
0,-0.16,-8.95,0.14,-0.11,-7.89,2.05,-0.53,-8.75,0.25,-0.36,-11.60,-0.23,-0.12,-11.77,0.01,-0.23,-10.89,1.02
0,-0.57,-8.80,0.78,-0.42,-10.33,-2.12,-0.07,-9.30,0.41,-0.39,-10.11,0.46,-0.16,-9.09,0.36,-0.22,-11.53,-0.06
0,0.17,-9.65,0.25,-0.65,-10.09,0.75,-0.17,-10.59,-0.45,-0.42,-7.98,0.73,-0.04,-7.90,-1.16,-0.36,-5.41,3.85
0,-0.09,-9.74,0.25,-0.49,-10.54,0.23,-0.04,-9.97,0.47,-0.43,-11.29,-0.21,-0.21,-11.12,-0.22,-0.25,-11.79,-0.51
0,-0.11,-8.45,0.68,-0.42,-8.93,-0.12,-0.05,-8.37,0.63,-0.47,-8.83,0.81,-0.22,-9.60,-0.94,-0.13,-8.94,2.00
0,-0.24,-9.39,0.34,-0.42,-9.85,-0.30,-0.22,-9.73,0.16,-0.27,-10.36,0.35,-0.30,-10.04,-0.71,-0.24,-10.26,1.12
0,-0.18,-9.08,0.43,-0.44,-9.66,-0.34,-0.08,-9.76,0.66,-0.50,-9.32,0.69,0.03,-8.66,0.42,-0.36,-9.05,0.64
0,-0.02,-10.37,-0.01,-0.50,-10.24,0.18,-0.05,-10.33,0.01,-0.45,-9.57,0.45,-0.14,-9.23,0.42,-0.26,-10.41,2.04
0,-0.10,-9.71,0.16,-0.33,-9.50,0.33,-0.29,-9.55,0.27,-0.30,-9.99,0.58,-0.17,-9.67,0.43,-0.26,-9.69,0.56
0,-0.21,-8.78,0.54,-0.39,-9.46,-0.42,-0.16,-9.03,0.32,-0.40,-9.67,0.40,-0.20,-9.99,0.23,-0.15,-10.01,0.79
0,-0.08,-9.62,0.37,-0.41,-9.99,0.43,-0.18,-10.39,-0.04,-0.41,-9.33,0.68,-0.16,-9.56,-0.48,-0.25,-8.88,1.43
0,0.00,-9.58,0.23,-0.42,-9.87,-0.07,-0.03,-9.62,0.24,-0.32,-9.67,0.51,-0.09,-9.84,-0.04,-0.24,-9.63,1.35
0,-0.20,-9.11,0.40,-0.39,-9.44,0.02,-0.21,-9.39,0.34,-0.44,-9.82,0.46,-0.17,-9.80,0.01,-0.19,-10.21,0.93
0,-0.17,-9.41,0.39,-0.42,-10.00,-0.26,-0.14,-9.86,0.18,-0.40,-9.49,0.60,-0.15,-9.38,-0.18,-0.26,-8.91,1.54
0,-0.11,-9.51,0.26,-0.45,-9.84,0.14,-0.11,-9.81,0.17,-0.44,-9.53,0.60,-0.13,-9.73,-0.20,-0.24,-9.73,1.11
0,-0.16,-9.31,0.41,-0.39,-9.83,-0.27,-0.17,-9.48,0.27,-0.37,-9.81,0.48,-0.22,-9.81,-0.14,-0.19,-9.77,1.23
0,-0.11,-9.30,0.36,-0.40,-9.66,0.09,-0.14,-9.76,0.18,-0.42,-9.36,0.59,-0.16,-9.39,-0.03,-0.26,-9.30,1.19
0,-0.14,-9.58,0.28,-0.41,-9.94,-0.11,-0.16,-9.78,0.18,-0.41,-9.71,0.57,-0.18,-9.74,0.08,-0.21,-9.76,1.23
0,-0.14,-9.28,0.42,-0.41,-9.59,-0.08,-0.11,-9.47,0.31,-0.43,-9.63,0.53,-0.12,-9.73,0.08,-0.23,-9.54,1.16
0,-0.11,-9.46,0.28,-0.46,-9.93,-0.12,-0.13,-9.89,0.11,-0.45,-9.58,0.61,-0.14,-9.72,-0.19,-0.24,-9.58,1.20
0,-0.16,-9.39,0.29,-0.40,-9.70,-0.01,-0.14,-9.52,0.25,-0.38,-9.63,0.57,-0.19,-9.74,-0.12,-0.21,-9.69,1.26
0,-0.20,-9.29,0.33,-0.41,-9.75,-0.09,-0.14,-9.70,0.22,-0.42,-9.57,0.58,-0.16,-9.70,-0.16,-0.21,-9.53,1.29
0,-0.17,-9.49,0.32,-0.42,-9.83,-0.01,-0.16,-9.76,0.23,-0.44,-9.60,0.57,-0.13,-9.65,-0.07,-0.23,-9.58,1.21
0,-0.17,-9.38,0.34,-0.41,-9.76,-0.09,-0.11,-9.63,0.22,-0.39,-9.55,0.57,-0.11,-9.59,-0.09,-0.26,-9.54,1.19
0,-0.14,-9.41,0.33,-0.38,-9.82,0.04,-0.18,-9.76,0.23,-0.40,-9.65,0.58,-0.21,-9.73,-0.03,-0.23,-9.65,1.23
0,-0.15,-9.41,0.33,-0.42,-9.77,-0.06,-0.14,-9.62,0.23,-0.39,-9.56,0.57,-0.13,-9.59,-0.14,-0.22,-9.45,1.22
0,-0.11,-9.43,0.30,-0.41,-9.84,-0.07,-0.12,-9.78,0.17,-0.41,-9.68,0.59,-0.18,-9.74,-0.03,-0.23,-9.71,1.20
0,-0.16,-9.36,0.35,-0.45,-9.76,-0.08,-0.14,-9.59,0.24,-0.40,-9.55,0.63,-0.17,-9.62,-0.02,-0.27,-9.57,1.21
0,-0.15,-9.44,0.33,-0.41,-9.80,-0.09,-0.11,-9.71,0.23,-0.38,-9.57,0.57,-0.18,-9.68,-0.09,-0.22,-9.53,1.21
0,-0.13,-9.34,0.34,-0.39,-9.74,-0.08,-0.17,-9.64,0.26,-0.35,-9.58,0.57,-0.23,-9.67,-0.07,-0.23,-9.62,1.22
0,-0.18,-9.37,0.34,-0.38,-9.75,0.00,-0.14,-9.65,0.19,-0.40,-9.54,0.60,-0.19,-9.64,-0.13,-0.22,-9.48,1.23
0,-0.14,-9.40,0.32,-0.39,-9.82,-0.06,-0.15,-9.73,0.22,-0.37,-9.67,0.57,-0.14,-9.75,-0.06,-0.22,-9.73,1.24
0,-0.13,-9.44,0.33,-0.42,-9.81,-0.09,-0.12,-9.69,0.19,-0.41,-9.61,0.56,-0.14,-9.65,-0.09,-0.24,-9.58,1.22
0,-0.13,-9.39,0.31,-0.47,-9.82,-0.11,-0.13,-9.74,0.24,-0.45,-9.54,0.55,-0.16,-9.62,-0.05,-0.29,-9.51,1.20
0,-0.14,-9.41,0.36,-0.43,-9.80,-0.13,-0.10,-9.67,0.25,-0.44,-9.68,0.51,-0.10,-9.74,-0.02,-0.24,-9.67,1.18
0,-0.14,-9.41,0.31,-0.43,-9.74,-0.07,-0.11,-9.67,0.20,-0.47,-9.51,0.56,-0.12,-9.62,-0.09,-0.26,-9.49,1.24
0,-0.15,-9.39,0.31,-0.40,-9.80,-0.07,-0.16,-9.74,0.20,-0.39,-9.62,0.51,-0.15,-9.73,-0.08,-0.20,-9.67,1.22
0,-0.16,-9.34,0.34,-0.40,-9.75,-0.13,-0.15,-9.61,0.23,-0.39,-9.60,0.57,-0.20,-9.63,-0.09,-0.21,-9.56,1.21
0,-0.15,-9.45,0.32,-0.39,-9.79,-0.06,-0.18,-9.73,0.23,-0.41,-9.57,0.53,-0.18,-9.68,-0.07,-0.21,-9.56,1.25
0,-0.17,-9.30,0.38,-0.38,-9.74,-0.07,-0.15,-9.61,0.25,-0.39,-9.60,0.57,-0.14,-9.69,-0.08,-0.22,-9.59,1.17
0,-0.19,-9.43,0.27,-0.44,-9.77,-0.08,-0.18,-9.68,0.25,-0.39,-9.58,0.61,-0.13,-9.62,-0.14,-0.17,-9.53,1.27
0,-0.16,-9.38,0.30,-0.42,-9.76,-0.08,-0.16,-9.67,0.21,-0.38,-9.61,0.61,-0.17,-9.67,-0.05,-0.23,-9.63,1.21
0,-0.15,-9.39,0.36,-0.39,-9.77,-0.05,-0.13,-9.68,0.20,-0.42,-9.59,0.58,-0.14,-9.67,-0.13,-0.23,-9.56,1.21
0,-0.13,-9.44,0.34,-0.41,-9.77,-0.02,-0.11,-9.72,0.23,-0.45,-9.57,0.55,-0.14,-9.64,-0.10,-0.22,-9.57,1.20
0,-0.14,-9.36,0.33,-0.41,-9.76,-0.05,-0.14,-9.71,0.23,-0.39,-9.59,0.56,-0.19,-9.67,-0.07,-0.24,-9.61,1.23
0,-0.16,-9.44,0.31,-0.43,-9.81,-0.07,-0.13,-9.70,0.22,-0.42,-9.61,0.54,-0.16,-9.73,-0.02,-0.23,-9.59,1.26
0,-0.16,-9.39,0.34,-0.43,-9.77,-0.07,-0.15,-9.65,0.31,-0.44,-9.60,0.57,-0.13,-9.70,-0.09,-0.25,-9.55,1.16
0,-0.13,-9.42,0.34,-0.45,-9.85,-0.11,-0.11,-9.73,0.23,-0.44,-9.65,0.57,-0.11,-9.72,-0.08,-0.25,-9.66,1.24
0,-0.13,-9.41,0.37,-0.46,-9.76,-0.09,-0.13,-9.64,0.30,-0.43,-9.62,0.56,-0.12,-9.63,-0.10,-0.23,-9.56,1.20
0,-0.12,-9.41,0.32,-0.45,-9.80,-0.07,-0.15,-9.75,0.25,-0.41,-9.60,0.53,-0.13,-9.68,-0.03,-0.26,-9.58,1.23
0,-0.16,-9.37,0.34,-0.42,-9.80,-0.02,-0.15,-9.67,0.25,-0.41,-9.61,0.58,-0.17,-9.66,-0.10,-0.24,-9.59,1.18
0,-0.16,-9.40,0.33,-0.41,-9.75,-0.07,-0.14,-9.75,0.18,-0.39,-9.57,0.56,-0.19,-9.65,-0.09,-0.22,-9.59,1.28
0,-0.15,-9.38,0.27,-0.38,-9.79,-0.09,-0.14,-9.69,0.23,-0.39,-9.61,0.55,-0.20,-9.67,-0.09,-0.22,-9.54,1.24
0,-0.17,-9.42,0.32,-0.38,-9.78,0.03,-0.19,-9.67,0.21,-0.36,-9.57,0.59,-0.19,-9.64,-0.07,-0.21,-9.50,1.24
0,-0.17,-9.36,0.29,-0.37,-9.81,-0.04,-0.16,-9.70,0.22,-0.39,-9.61,0.58,-0.16,-9.70,-0.07,-0.23,-9.64,1.26
0,-0.17,-9.31,0.30,-0.41,-9.77,-0.11,-0.12,-9.67,0.24,-0.43,-9.60,0.64,-0.13,-9.68,-0.06,-0.23,-9.59,1.25
0,-0.11,-9.46,0.28,-0.40,-9.81,-0.05,-0.17,-9.62,0.24,-0.39,-9.51,0.59,-0.14,-9.64,-0.12,-0.26,-9.46,1.27
0,-0.18,-9.40,0.33,-0.42,-9.78,-0.05,-0.16,-9.76,0.21,-0.43,-9.67,0.55,-0.15,-9.73,-0.03,-0.21,-9.62,1.21
0,-0.11,-9.39,0.35,-0.45,-9.80,-0.03,-0.12,-9.72,0.20,-0.43,-9.56,0.57,-0.15,-9.69,-0.08,-0.23,-9.56,1.19
0,-0.11,-9.42,0.29,-0.46,-9.82,-0.04,-0.09,-9.73,0.24,-0.44,-9.64,0.52,-0.15,-9.69,-0.05,-0.26,-9.60,1.20
0,-0.13,-9.32,0.33,-0.46,-9.76,-0.12,-0.12,-9.68,0.22,-0.42,-9.59,0.60,-0.16,-9.71,-0.05,-0.23,-9.60,1.21
0,-0.14,-9.42,0.32,-0.43,-9.83,-0.09,-0.13,-9.64,0.24,-0.41,-9.54,0.54,-0.13,-9.65,-0.11,-0.23,-9.55,1.20
0,-0.13,-9.39,0.30,-0.43,-9.79,-0.05,-0.13,-9.70,0.25,-0.41,-9.58,0.54,-0.23,-9.67,-0.05,-0.26,-9.62,1.21
0,-0.17,-9.41,0.32,-0.43,-9.75,-0.08,-0.16,-9.69,0.27,-0.41,-9.61,0.54,-0.15,-9.67,-0.07,-0.23,-9.55,1.22
0,-0.14,-9.40,0.33,-0.44,-9.77,-0.06,-0.14,-9.64,0.24,-0.44,-9.56,0.57,-0.19,-9.65,-0.08,-0.23,-9.56,1.20
0,-0.15,-9.38,0.31,-0.43,-9.79,-0.04,-0.11,-9.71,0.20,-0.40,-9.61,0.58,-0.17,-9.66,-0.11,-0.23,-9.56,1.21
0,-0.18,-9.38,0.36,-0.43,-9.81,-0.04,-0.13,-9.73,0.20,-0.39,-9.61,0.56,-0.16,-9.70,-0.10,-0.23,-9.60,1.23
0,-0.16,-9.29,0.32,-0.45,-9.78,-0.07,-0.15,-9.64,0.27,-0.43,-9.57,0.57,-0.14,-9.70,-0.09,-0.23,-9.61,1.26
0,-0.16,-9.43,0.33,-0.41,-9.84,-0.05,-0.12,-9.68,0.23,-0.42,-9.59,0.55,-0.16,-9.66,-0.04,-0.25,-9.51,1.24
0,-0.12,-9.38,0.33,-0.42,-9.75,-0.05,-0.14,-9.72,0.17,-0.41,-9.56,0.57,-0.17,-9.67,-0.10,-0.22,-9.58,1.19
0,-0.14,-9.42,0.34,-0.40,-9.79,-0.08,-0.13,-9.72,0.20,-0.44,-9.63,0.55,-0.19,-9.68,-0.08,-0.23,-9.61,1.24
0,-0.16,-9.36,0.33,-0.40,-9.78,-0.08,-0.11,-9.66,0.26,-0.42,-9.55,0.52,-0.17,-9.67,-0.11,-0.22,-9.55,1.25
0,-0.14,-9.40,0.29,-0.44,-9.78,-0.10,-0.12,-9.71,0.28,-0.40,-9.58,0.53,-0.18,-9.69,-0.10,-0.23,-9.59,1.20
0,-0.14,-9.39,0.34,-0.39,-9.77,-0.08,-0.10,-9.70,0.30,-0.41,-9.59,0.59,-0.17,-9.62,-0.03,-0.22,-9.59,1.20
0,-0.12,-9.39,0.34,-0.41,-9.79,-0.06,-0.14,-9.73,0.23,-0.41,-9.56,0.54,-0.19,-9.64,-0.10,-0.26,-9.58,1.24
0,-0.13,-9.38,0.31,-0.42,-9.80,-0.04,-0.12,-9.66,0.27,-0.40,-9.62,0.52,-0.12,-9.66,-0.13,-0.24,-9.61,1.19
0,-0.12,-9.37,0.30,-0.37,-9.76,-0.06,-0.16,-9.66,0.24,-0.37,-9.56,0.60,-0.17,-9.62,-0.10,-0.21,-9.55,1.24
0,-0.15,-9.38,0.35,-0.44,-9.76,-0.07,-0.11,-9.70,0.25,-0.41,-9.59,0.57,-0.17,-9.70,-0.08,-0.23,-9.64,1.23
0,-0.15,-9.40,0.33,-0.41,-9.77,-0.11,-0.17,-9.64,0.22,-0.41,-9.57,0.59,-0.15,-9.66,-0.14,-0.23,-9.52,1.24
0,-0.11,-9.39,0.35,-0.44,-9.79,-0.07,-0.10,-9.72,0.25,-0.40,-9.60,0.62,-0.18,-9.70,-0.07,-0.23,-9.61,1.25
0,-0.18,-9.37,0.34,-0.41,-9.77,-0.10,-0.14,-9.65,0.26,-0.46,-9.63,0.60,-0.16,-9.67,-0.08,-0.25,-9.58,1.18
0,-0.18,-9.39,0.36,-0.42,-9.79,-0.08,-0.14,-9.70,0.24,-0.41,-9.59,0.57,-0.18,-9.65,-0.07,-0.24,-9.57,1.23
0,-0.14,-9.39,0.35,-0.42,-9.80,-0.14,-0.12,-9.68,0.25,-0.41,-9.65,0.53,-0.11,-9.67,-0.11,-0.24,-9.57,1.22
0,-0.16,-9.38,0.35,-0.45,-9.76,-0.02,-0.14,-9.70,0.24,-0.42,-9.59,0.55,-0.13,-9.68,-0.08,-0.23,-9.57,1.23
0,-0.13,-9.39,0.36,-0.42,-9.78,-0.10,-0.12,-9.69,0.26,-0.42,-9.58,0.54,-0.16,-9.66,-0.11,-0.23,-9.58,1.23
0,-0.13,-9.36,0.31,-0.39,-9.77,-0.04,-0.11,-9.69,0.28,-0.38,-9.60,0.57,-0.14,-9.67,-0.04,-0.22,-9.58,1.22
0,-0.15,-9.41,0.36,-0.40,-9.80,-0.07,-0.14,-9.70,0.22,-0.39,-9.59,0.60,-0.19,-9.66,-0.11,-0.25,-9.58,1.24
0,-0.13,-9.42,0.31,-0.45,-9.80,-0.09,-0.14,-9.70,0.23,-0.43,-9.61,0.57,-0.13,-9.66,-0.07,-0.23,-9.61,1.26
0,-0.19,-9.37,0.31,-0.41,-9.74,-0.06,-0.11,-9.69,0.25,-0.42,-9.60,0.60,-0.16,-9.69,-0.04,-0.21,-9.59,1.24
0,-0.15,-9.39,0.37,-0.45,-9.77,-0.08,-0.13,-9.73,0.24,-0.39,-9.65,0.57,-0.19,-9.67,-0.02,-0.26,-9.63,1.24
0,-0.12,-9.37,0.33,-0.44,-9.78,-0.09,-0.11,-9.64,0.26,-0.45,-9.60,0.57,-0.15,-9.69,-0.09,-0.25,-9.58,1.23
0,-0.08,-9.39,0.32,-0.44,-9.78,-0.03,-0.12,-9.67,0.21,-0.43,-9.61,0.62,-0.14,-9.68,-0.11,-0.25,-9.57,1.26
0,-0.12,-9.43,0.34,-0.39,-9.81,0.01,-0.11,-9.70,0.21,-0.41,-9.62,0.55,-0.13,-9.68,-0.08,-0.23,-9.57,1.25
0,-0.11,-9.40,0.30,-0.44,-9.78,-0.04,-0.15,-9.73,0.23,-0.41,-9.58,0.56,-0.15,-9.67,-0.04,-0.25,-9.62,1.21
0,-0.15,-9.36,0.35,-0.43,-9.80,0.01,-0.16,-9.69,0.19,-0.41,-9.60,0.56,-0.14,-9.67,-0.04,-0.25,-9.59,1.21
0,-0.14,-9.40,0.26,-0.42,-9.79,-0.06,-0.14,-9.70,0.22,-0.41,-9.59,0.55,-0.15,-9.67,-0.05,-0.22,-9.62,1.22
0,-0.16,-9.35,0.31,-0.39,-9.77,-0.06,-0.12,-9.69,0.20,-0.38,-9.57,0.57,-0.17,-9.63,-0.05,-0.23,-9.58,1.24
0,-0.16,-9.41,0.34,-0.39,-9.73,-0.05,-0.15,-9.71,0.23,-0.39,-9.60,0.57,-0.19,-9.69,-0.07,-0.21,-9.59,1.22
0,-0.14,-9.38,0.30,-0.45,-9.79,-0.06,-0.11,-9.69,0.25,-0.44,-9.60,0.55,-0.15,-9.65,-0.11,-0.23,-9.61,1.21
0,-0.12,-9.39,0.33,-0.44,-9.79,-0.04,-0.13,-9.70,0.24,-0.42,-9.60,0.57,-0.18,-9.69,-0.08,-0.26,-9.60,1.21
0,-0.13,-9.42,0.34,-0.43,-9.80,-0.08,-0.12,-9.69,0.26,-0.43,-9.61,0.56,-0.14,-9.68,-0.11,-0.24,-9.58,1.23
0,-0.12,-9.37,0.33,-0.41,-9.79,-0.06,-0.10,-9.75,0.23,-0.43,-9.67,0.56,-0.12,-9.72,-0.09,-0.25,-9.61,1.22
0,-0.11,-9.41,0.39,-0.46,-9.84,-0.11,-0.11,-9.70,0.22,-0.47,-9.65,0.59,-0.11,-9.74,-0.10,-0.30,-9.66,1.22
0,-0.09,-9.49,0.25,-0.45,-9.77,0.00,-0.11,-9.68,0.19,-0.46,-9.55,0.60,-0.11,-9.58,-0.13,-0.29,-9.47,1.25
0,-0.14,-9.38,0.30,-0.45,-9.73,-0.08,-0.11,-9.74,0.21,-0.42,-9.59,0.57,-0.16,-9.67,-0.10,-0.21,-9.62,1.19
0,-0.10,-9.42,0.40,-0.42,-9.84,-0.09,-0.16,-9.71,0.28,-0.39,-9.62,0.60,-0.18,-9.69,-0.10,-0.24,-9.65,1.22
0,-0.12,-9.39,0.36,-0.42,-9.77,-0.11,-0.15,-9.63,0.26,-0.43,-9.54,0.56,-0.17,-9.63,-0.09,-0.21,-9.44,1.20
0,-0.18,-9.43,0.37,-0.40,-9.85,-0.09,-0.18,-9.76,0.19,-0.39,-9.68,0.50,-0.21,-9.73,-0.00,-0.15,-9.72,1.17
0,-0.16,-9.35,0.40,-0.39,-9.73,-0.11,-0.17,-9.63,0.30,-0.39,-9.54,0.54,-0.18,-9.61,-0.04,-0.23,-9.53,1.13
0,-0.17,-9.40,0.39,-0.40,-9.80,-0.08,-0.15,-9.74,0.27,-0.44,-9.62,0.48,-0.16,-9.68,-0.07,-0.25,-9.68,1.17
0,-0.16,-9.34,0.37,-0.44,-9.73,-0.12,-0.11,-9.66,0.28,-0.43,-9.60,0.53,-0.16,-9.61,-0.04,-0.23,-9.54,1.20
0,-0.13,-9.43,0.29,-0.41,-9.78,-0.01,-0.14,-9.73,0.19,-0.44,-9.57,0.57,-0.17,-9.67,-0.07,-0.23,-9.56,1.24
0,-0.18,-9.41,0.30,-0.42,-9.77,-0.03,-0.16,-9.67,0.19,-0.42,-9.66,0.58,-0.19,-9.73,-0.09,-0.23,-9.62,1.24
0,-0.15,-9.40,0.30,-0.38,-9.75,-0.02,-0.14,-9.74,0.18,-0.40,-9.54,0.62,-0.17,-9.58,-0.16,-0.21,-9.52,1.30
0,-0.17,-9.42,0.31,-0.43,-9.79,-0.03,-0.12,-9.71,0.19,-0.39,-9.62,0.59,-0.17,-9.69,-0.10,-0.24,-9.60,1.27
0,-0.14,-9.31,0.33,-0.42,-9.78,-0.09,-0.15,-9.68,0.21,-0.42,-9.59,0.55,-0.14,-9.65,-0.09,-0.24,-9.55,1.24
0,-0.13,-9.44,0.31,-0.45,-9.82,-0.08,-0.13,-9.69,0.20,-0.46,-9.61,0.55,-0.12,-9.66,-0.06,-0.25,-9.61,1.19
0,-0.11,-9.40,0.32,-0.45,-9.76,-0.11,-0.09,-9.68,0.29,-0.43,-9.63,0.52,-0.10,-9.67,-0.07,-0.23,-9.57,1.22
0,-0.11,-9.37,0.36,-0.44,-9.77,-0.08,-0.13,-9.72,0.23,-0.43,-9.56,0.54,-0.17,-9.67,-0.00,-0.21,-9.62,1.19
0,-0.18,-9.40,0.37,-0.40,-9.76,-0.11,-0.15,-9.69,0.30,-0.39,-9.63,0.52,-0.19,-9.72,-0.11,-0.22,-9.62,1.18
0,-0.20,-9.36,0.37,-0.43,-9.77,-0.07,-0.17,-9.67,0.25,-0.36,-9.56,0.57,-0.17,-9.67,-0.04,-0.21,-9.56,1.24
0,-0.19,-9.38,0.33,-0.40,-9.77,-0.04,-0.15,-9.68,0.24,-0.36,-9.60,0.57,-0.19,-9.69,-0.11,-0.19,-9.59,1.19
0,-0.14,-9.37,0.33,-0.40,-9.78,-0.09,-0.15,-9.68,0.29,-0.38,-9.60,0.57,-0.17,-9.62,-0.08,-0.24,-9.53,1.18
0,-0.15,-9.40,0.34,-0.41,-9.76,-0.04,-0.13,-9.73,0.21,-0.43,-9.61,0.57,-0.19,-9.70,-0.10,-0.23,-9.63,1.24
0,-0.13,-9.41,0.37,-0.45,-9.77,-0.07,-0.15,-9.68,0.25,-0.40,-9.58,0.58,-0.16,-9.67,-0.11,-0.26,-9.57,1.23
0,-0.16,-9.42,0.34,-0.43,-9.79,-0.07,-0.16,-9.70,0.23,-0.41,-9.56,0.58,-0.16,-9.69,-0.10,-0.24,-9.59,1.24
0,-0.15,-9.37,0.32,-0.43,-9.76,-0.09,-0.13,-9.72,0.21,-0.45,-9.61,0.57,-0.16,-9.71,-0.10,-0.22,-9.58,1.21
0,-0.13,-9.39,0.30,-0.42,-9.79,-0.01,-0.19,-9.66,0.22,-0.39,-9.57,0.59,-0.17,-9.65,-0.10,-0.25,-9.49,1.27
0,-0.19,-9.39,0.30,-0.48,-9.80,-0.09,-0.05,-9.78,0.22,-0.45,-9.65,0.61,-0.17,-9.71,-0.05,-0.22,-9.66,1.22
0,-0.14,-9.32,0.32,-0.39,-9.62,-0.01,-0.21,-9.32,0.26,-0.33,-9.46,0.62,-0.15,-9.63,-0.14,-0.24,-9.51,1.35
0,-0.11,-9.68,0.22,-0.44,-9.96,0.08,-0.13,-10.01,0.14,-0.35,-9.73,0.59,-0.16,-9.73,-0.13,-0.21,-9.52,1.28
0,-0.19,-9.26,0.41,-0.44,-9.67,-0.14,-0.10,-9.58,0.26,-0.42,-9.72,0.50,-0.18,-9.77,-0.01,-0.24,-9.84,1.18
0,-0.16,-9.21,0.42,-0.44,-9.66,-0.14,-0.12,-9.47,0.33,-0.39,-9.52,0.57,-0.12,-9.62,-0.11,-0.22,-9.43,1.25
0,-0.13,-9.79,0.23,-0.44,-9.96,0.07,-0.12,-9.97,0.19,-0.43,-9.66,0.54,-0.11,-9.63,-0.08,-0.25,-9.45,1.20
0,-0.15,-9.12,0.44,-0.39,-9.63,-0.17,-0.14,-9.54,0.24,-0.40,-9.73,0.50,-0.17,-9.78,-0.00,-0.22,-9.84,1.10
0,-0.20,-9.48,0.27,-0.41,-9.83,-0.02,-0.18,-9.73,0.20,-0.39,-9.53,0.60,-0.14,-9.54,-0.11,-0.25,-9.42,1.27
0,-0.16,-9.49,0.30,-0.39,-9.81,-0.05,-0.14,-9.71,0.13,-0.37,-9.61,0.55,-0.21,-9.70,-0.11,-0.21,-9.62,1.26
0,-0.19,-9.28,0.33,-0.41,-9.73,-0.11,-0.11,-9.64,0.30,-0.42,-9.67,0.60,-0.17,-9.73,-0.12,-0.24,-9.66,1.23
0,-0.13,-9.41,0.24,-0.41,-9.77,-0.04,-0.14,-9.69,0.21,-0.42,-9.48,0.63,-0.16,-9.55,-0.16,-0.25,-9.49,1.29
0,-0.10,-9.27,0.39,-0.46,-9.84,-0.11,-0.12,-9.71,0.19,-0.34,-9.66,0.55,-0.21,-9.75,0.03,-0.16,-9.83,1.16
0,-0.12,-9.15,0.45,-0.45,-9.81,-0.19,-0.05,-9.62,0.32,-0.39,-9.61,0.61,-0.21,-9.70,-0.05,-0.21,-9.75,1.15
0,-0.06,-9.46,0.19,-0.45,-9.73,-0.06,-0.17,-9.53,0.28,-0.42,-9.25,0.68,-0.18,-9.49,-0.17,-0.23,-9.28,1.24
0,-0.19,-9.62,0.33,-0.34,-9.87,-0.05,-0.23,-9.83,0.18,-0.34,-9.77,0.49,-0.17,-9.76,-0.01,-0.20,-9.73,1.17
0,-0.16,-9.34,0.34,-0.36,-9.82,-0.04,-0.12,-9.77,0.22,-0.38,-9.53,0.57,-0.18,-9.63,-0.05,-0.24,-9.58,1.17
0,-0.12,-9.28,0.34,-0.40,-9.68,-0.15,-0.15,-9.50,0.33,-0.38,-9.56,0.51,-0.17,-9.69,-0.05,-0.21,-9.64,1.18
0,-0.19,-9.47,0.35,-0.42,-9.84,-0.07,-0.14,-9.73,0.21,-0.40,-9.62,0.57,-0.11,-9.64,-0.12,-0.24,-9.45,1.21
0,-0.16,-9.45,0.26,-0.46,-9.81,-0.02,-0.07,-9.89,0.13,-0.44,-9.61,0.64,-0.20,-9.66,-0.07,-0.22,-9.70,1.20
0,-0.19,-9.42,0.32,-0.42,-9.78,0.02,-0.18,-9.62,0.23,-0.39,-9.60,0.66,-0.13,-9.75,-0.11,-0.26,-9.67,1.29
0,-0.09,-9.33,0.30,-0.43,-9.83,-0.12,-0.08,-9.76,0.24,-0.46,-9.51,0.68,-0.16,-9.70,-0.23,-0.29,-9.46,1.24
0,-0.13,-9.39,0.28,-0.43,-9.78,-0.03,-0.11,-9.66,0.21,-0.46,-9.63,0.56,-0.12,-9.72,-0.03,-0.26,-9.65,1.22
0,-0.20,-9.66,0.24,-0.34,-9.62,-0.01,-0.17,-9.57,0.21,-0.43,-9.54,0.50,-0.09,-9.45,-0.07,-0.29,-9.20,1.36
0,0.13,-8.76,0.73,-0.66,-10.48,-0.48,-0.06,-10.10,-0.11,-0.22,-9.88,0.14,-0.45,-10.00,0.40,-0.11,-10.23,1.12
0,-0.08,-8.34,0.86,-0.58,-9.67,-0.51,0.00,-9.17,0.28,-0.46,-9.15,0.63,-0.20,-9.60,0.11,-0.25,-9.99,0.95
0,-0.12,-9.54,0.21,-0.40,-9.55,0.05,-0.15,-9.16,0.36,-0.45,-9.07,0.72,-0.06,-9.28,-0.34,-0.33,-8.83,1.45
0,-0.24,-9.82,0.20,-0.44,-10.15,0.14,-0.23,-10.14,0.11,-0.27,-10.02,0.35,-0.26,-9.84,0.07,-0.16,-9.63,1.21
0,-0.14,-8.76,0.55,-0.40,-9.51,-0.18,-0.16,-9.54,0.19,-0.34,-9.55,0.45,-0.23,-9.74,0.06,-0.14,-10.09,1.01
0,0.08,-9.31,0.24,-0.63,-9.84,-0.11,0.11,-10.08,-0.12,-0.50,-9.31,0.85,0.05,-9.56,0.02,-0.34,-9.33,0.86
0,0.09,-9.53,0.14,-0.68,-9.65,0.13,0.15,-9.80,0.29,-0.36,-9.42,0.82,0.01,-9.87,-0.42,-0.15,-9.32,1.59
0,-0.16,-9.30,0.14,-0.36,-9.44,0.41,-0.18,-9.58,0.22,-0.30,-9.61,0.04,-0.08,-9.81,-0.19,-0.34,-9.59,0.60
0,-0.13,-9.23,0.50,-0.40,-9.88,-0.36,-0.17,-9.70,0.15,-0.46,-9.63,0.50,-0.34,-9.79,0.04,-0.14,-10.08,1.15
0,-0.15,-9.24,0.44,-0.46,-9.69,-0.23,-0.08,-9.57,0.22,-0.44,-9.47,0.69,-0.12,-9.68,-0.08,-0.24,-9.28,1.79
0,-0.12,-9.52,0.37,-0.40,-10.00,-0.00,-0.09,-9.83,0.23,-0.38,-9.63,0.47,-0.18,-9.48,-0.13,-0.30,-9.76,0.76
0,-0.30,-9.31,0.40,-0.36,-9.70,0.14,-0.12,-9.62,0.23,-0.39,-9.61,0.65,-0.19,-9.68,-0.06,-0.20,-9.84,1.61
0,-0.12,-9.45,0.30,-0.39,-9.88,-0.14,-0.19,-9.75,0.19,-0.42,-9.75,0.54,-0.17,-9.73,0.03,-0.22,-9.75,1.34
0,-0.06,-9.24,0.32,-0.46,-9.68,-0.15,-0.03,-9.62,0.27,-0.56,-9.43,0.80,-0.07,-9.51,-0.08,-0.16,-9.41,1.34
0,-0.14,-9.11,0.40,-0.42,-9.82,-0.07,-0.25,-9.54,0.27,-0.35,-9.67,0.60,-0.24,-9.75,-0.07,-0.20,-9.92,1.06
0,-0.30,-9.32,0.21,-0.33,-9.77,0.10,-0.40,-9.52,0.23,-0.45,-9.64,0.54,-0.34,-9.72,-0.32,-0.21,-9.62,0.99
0,-0.28,-9.61,0.30,-0.24,-9.68,0.01,-0.13,-9.80,0.20,-0.40,-9.59,0.60,-0.12,-9.75,-0.29,-0.21,-9.79,1.24
0,-0.19,-9.31,0.38,-0.44,-9.98,-0.25,-0.13,-9.75,0.25,-0.39,-9.65,0.60,-0.14,-9.63,0.17,-0.24,-9.80,1.31
0,-0.08,-9.46,0.30,-0.40,-9.83,0.13,-0.16,-9.77,0.22,-0.40,-9.50,0.56,-0.11,-9.57,-0.05,-0.26,-9.49,1.25
0,-0.18,-9.34,0.36,-0.40,-9.67,-0.12,-0.19,-9.57,0.24,-0.45,-9.67,0.50,-0.15,-9.63,0.06,-0.19,-9.67,1.16
0,-0.16,-9.45,0.31,-0.41,-9.78,-0.08,-0.09,-9.77,0.22,-0.42,-9.60,0.62,-0.06,-9.70,-0.26,-0.33,-9.49,1.23
0,-0.01,-9.49,0.30,-0.56,-9.90,-0.05,-0.05,-9.84,0.23,-0.49,-9.73,0.48,-0.06,-9.85,-0.23,-0.29,-9.67,1.30
0,-0.12,-9.47,0.24,-0.40,-9.77,0.01,-0.12,-9.69,0.23,-0.50,-9.67,0.61,-0.09,-9.73,-0.27,-0.25,-9.61,1.30
0,-0.11,-9.47,0.24,-0.44,-9.85,0.01,-0.15,-9.77,0.13,-0.39,-9.58,0.60,-0.11,-9.54,-0.09,-0.25,-9.45,1.31
0,-0.13,-9.30,0.36,-0.40,-9.74,-0.06,-0.14,-9.65,0.20,-0.38,-9.60,0.52,-0.17,-9.70,-0.05,-0.22,-9.66,1.17
0,-0.16,-9.29,0.30,-0.41,-9.78,-0.11,-0.14,-9.72,0.23,-0.42,-9.50,0.57,-0.14,-9.67,-0.05,-0.24,-9.49,1.28
0,0.08,-9.20,0.27,-0.45,-9.91,-0.27,-0.13,-9.66,0.30,-0.39,-9.56,0.55,-0.23,-9.73,0.04,-0.23,-9.65,1.20
0,-0.13,-9.51,0.46,-0.50,-9.77,0.01,-0.15,-9.74,0.22,-0.46,-9.70,0.42,-0.16,-9.68,-0.11,-0.23,-9.41,1.37
0,-0.13,-9.40,0.39,-0.39,-9.74,-0.11,-0.10,-9.75,0.28,-0.39,-9.73,0.63,-0.13,-9.65,0.04,-0.22,-9.73,1.13
0,-0.11,-9.23,0.48,-0.40,-9.74,-0.26,-0.11,-9.55,0.28,-0.36,-9.61,0.74,-0.18,-9.85,-0.00,-0.26,-9.76,1.35
0,-0.15,-9.44,0.30,-0.39,-9.81,-0.03,-0.11,-9.67,0.30,-0.38,-9.43,0.67,-0.15,-9.66,-0.25,-0.26,-9.50,1.19
0,-0.16,-9.38,0.19,-0.45,-9.74,-0.13,-0.02,-9.63,0.31,-0.45,-9.33,0.91,-0.16,-9.70,-0.24,-0.20,-9.52,1.21
0,-0.19,-9.48,0.27,-0.36,-9.92,-0.02,-0.17,-9.91,0.19,-0.35,-9.78,0.54,-0.23,-9.71,-0.17,-0.13,-9.67,1.26
0,-0.16,-9.24,0.34,-0.39,-9.66,-0.07,-0.20,-9.37,0.30,-0.43,-9.46,0.57,-0.18,-9.52,-0.08,-0.26,-9.50,1.28
0,-0.15,-9.49,0.28,-0.41,-9.77,-0.03,-0.12,-9.72,0.23,-0.45,-9.69,0.59,-0.11,-9.72,-0.20,-0.26,-9.56,1.26
0,0.02,-9.52,0.15,-0.50,-9.79,-0.11,-0.01,-9.50,0.19,-0.46,-9.94,0.28,-0.11,-9.77,-0.05,-0.24,-9.58,1.31
0,0.12,-9.39,0.22,-0.36,-9.77,-0.09,-0.01,-9.74,0.04,-0.49,-9.36,0.72,-0.04,-9.82,-0.40,-0.27,-9.38,1.63
0,-0.04,-9.52,0.19,-0.57,-9.91,-0.12,-0.02,-9.77,0.20,-0.50,-9.63,0.80,-0.07,-9.77,-0.10,-0.29,-9.78,0.97
0,-0.13,-9.38,0.36,-0.51,-9.77,-0.02,-0.07,-9.61,0.28,-0.49,-9.55,0.59,-0.13,-9.61,-0.09,-0.33,-9.39,1.42
0,-0.16,-9.51,0.27,-0.44,-9.95,-0.11,-0.14,-9.74,0.18,-0.45,-9.45,0.39,-0.06,-9.75,-0.04,-0.32,-9.59,1.15
0,-0.16,-9.34,0.36,-0.45,-9.78,-0.16,-0.15,-9.72,0.29,-0.47,-9.72,0.54,-0.16,-9.71,-0.10,-0.21,-9.54,1.14
0,-0.18,-9.31,0.39,-0.44,-9.69,-0.13,-0.12,-9.63,0.29,-0.46,-9.56,0.56,-0.16,-9.63,-0.05,-0.25,-9.66,1.05
0,-0.20,-9.48,0.44,-0.42,-9.78,-0.10,-0.11,-9.68,0.33,-0.44,-9.63,0.46,-0.06,-9.66,0.08,-0.27,-9.51,1.14
0,-0.08,-9.42,0.36,-0.40,-9.78,0.01,-0.13,-9.64,0.33,-0.50,-9.54,0.54,-0.04,-9.63,0.14,-0.25,-9.58,1.29
0,-0.17,-9.25,0.35,-0.44,-9.68,-0.06,-0.16,-9.62,0.31,-0.45,-9.78,0.49,-0.18,-9.75,-0.02,-0.25,-9.70,1.22
0,-0.15,-9.41,0.35,-0.43,-9.64,0.05,-0.10,-9.57,0.28,-0.49,-9.48,0.56,-0.07,-9.56,-0.19,-0.26,-9.44,1.17
0,-0.12,-9.51,0.26,-0.49,-9.87,-0.08,-0.08,-9.85,0.19,-0.41,-9.63,0.55,-0.14,-9.70,-0.04,-0.28,-9.56,1.33
0,-0.08,-9.37,0.33,-0.38,-9.75,-0.02,-0.14,-9.63,0.25,-0.48,-9.68,0.64,-0.12,-9.77,-0.08,-0.22,-9.81,1.10
0,-0.12,-9.33,0.29,-0.31,-9.83,-0.13,-0.22,-9.67,0.07,-0.34,-9.32,0.54,-0.22,-9.59,-0.11,-0.19,-9.48,1.46
0,-0.12,-9.28,0.22,-0.36,-9.70,-0.01,-0.20,-9.56,0.17,-0.38,-9.53,0.71,-0.18,-9.62,-0.22,-0.23,-9.52,1.42
0,-0.17,-9.50,0.14,-0.40,-9.85,0.07,-0.23,-9.73,0.10,-0.34,-9.53,0.69,-0.23,-9.60,-0.12,-0.23,-9.50,1.24
0,-0.23,-9.30,0.25,-0.42,-9.69,0.00,-0.15,-9.66,0.05,-0.34,-9.53,0.65,-0.25,-9.68,-0.17,-0.05,-9.62,1.25